i1	stratum	s1_id	s1_name	s1_addr	rec_id	src	rec_name	rec_addr	p_v3	label	why
261731	empty prediction	S1-484600377	Ets Handisport SAS	23 Rue des Trois Etoiles, Mérignac, Nouvelle-Aquitaine	S2-578269553	2	Fetes  Jean	37 R. DES TROIS ETOILES, MÉRIGNAC, Nouvelle-Aquitaine	0.009002764709293842	0	different business / sibling cluster / other address (default)
261731	empty prediction	S1-484600377	Ets Handisport SAS	23 Rue des Trois Etoiles, Mérignac, Nouvelle-Aquitaine	S3-737197856	3	Belopyraio	35 Rue des Trois Etoiles, Mérignac, Nouvelle-Aquitaine	0.027317289263010025	0	different business / sibling cluster / other address (default)
261731	empty prediction	S1-484600377	Ets Handisport SAS	23 Rue des Trois Etoiles, Mérignac, Nouvelle-Aquitaine	S3-905620202	3	Ets Handisport Participations SAS	# 28 Rue Des Trois Etoiles, Mérignac, Gironde	0.004100363235920668	0	Participations at other number (sibling)
261731	empty prediction	S1-484600377	Ets Handisport SAS	23 Rue des Trois Etoiles, Mérignac, Nouvelle-Aquitaine	S2-859387331	2	ÉTABLISSEMENTS HANDISPORT SÀRL			1	Ets = Etablissements, same name, no address
261731	empty prediction	S1-484600377	Ets Handisport SAS	23 Rue des Trois Etoiles, Mérignac, Nouvelle-Aquitaine	S3-987206019	3	Établissements Handisport			1	Etablissements = Ets, no address
261731	empty prediction	S1-484600377	Ets Handisport SAS	23 Rue des Trois Etoiles, Mérignac, Nouvelle-Aquitaine	S2-876806753	2	Handisport Maternelle	63 R DES TROIS CONILS, BORDEAUX, Nouvelle-Aquitaine		0	different business / sibling cluster / other address (default)
261731	empty prediction	S1-484600377	Ets Handisport SAS	23 Rue des Trois Etoiles, Mérignac, Nouvelle-Aquitaine	S2-101311567	2	Centre Hospitalier Sainte Handisport EURL	0034 R TOMBE L'OLY, BORDEAUX, Gironde		0	different business / sibling cluster / other address (default)
261731	empty prediction	S1-484600377	Ets Handisport SAS	23 Rue des Trois Etoiles, Mérignac, Nouvelle-Aquitaine	S2-967034092	2	Centre Hôspitalier Sainte Handisport	0034 RUE TOMBE L'OLY, BORDEAUX, Gironde		0	different business / sibling cluster / other address (default)
261731	empty prediction	S1-484600377	Ets Handisport SAS	23 Rue des Trois Etoiles, Mérignac, Nouvelle-Aquitaine	S2-179066779	2	Centre Hospitalier Sainte Handisport	0034 R TOMBE L'OLY, BORDEAUX, Gironde		0	different business / sibling cluster / other address (default)
261731	empty prediction	S1-484600377	Ets Handisport SAS	23 Rue des Trois Etoiles, Mérignac, Nouvelle-Aquitaine	S2-930221194	2	Centre Hospitalier Sainte  Handisport	0034 RUE TOMBE L'OLY, BORDEAUX, Gironde		0	different business / sibling cluster / other address (default)
838145	empty prediction	S1-916525901	Fédération des Comme	5 Cité Van de Weghe, Lille, Hauts-de-France	S2-76349868	2	fédération des comme participations	26 CITÉ VAN DE WEGHE, LILLE	0.005706039723008871	0	Participations at other number (sibling)
838145	empty prediction	S1-916525901	Fédération des Comme	5 Cité Van de Weghe, Lille, Hauts-de-France	S2-681006540	2	VN  Caub	7 CITÉ VAN DE WEGHE, LILLE	0.0032786699011921883	0	different business / sibling cluster / other address (default)
838145	empty prediction	S1-916525901	Fédération des Comme	5 Cité Van de Weghe, Lille, Hauts-de-France	S3-893982022	3	Fédération de Comme	270 Allée Des Gerfauts, Dunkerque, Hauts-de-France	0.002565386239439249	0	different business / sibling cluster / other address (default)
838145	empty prediction	S1-916525901	Fédération des Comme	5 Cité Van de Weghe, Lille, Hauts-de-France	S3-32579426	3	Fédération De Comme (Eurl)	# 40 Rue Paul Antn, Bordeaux	0.00034943557693623006	0	different business / sibling cluster / other address (default)
838145	empty prediction	S1-916525901	Fédération des Comme	5 Cité Van de Weghe, Lille, Hauts-de-France	S3-667807860	3	Fédération de Comme	Rue Paul Antin, Bordeaux		0	different business / sibling cluster / other address (default)
838145	empty prediction	S1-916525901	Fédération des Comme	5 Cité Van de Weghe, Lille, Hauts-de-France	S3-810515383	3	Fédération de Comme	R Paul Antin, Bordeaux		0	different business / sibling cluster / other address (default)
838145	empty prediction	S1-916525901	Fédération des Comme	5 Cité Van de Weghe, Lille, Hauts-de-France	S3-512185450	3	Fédération Comme de	Bordeaux, Rue Paul Antin		0	different business / sibling cluster / other address (default)
838145	empty prediction	S1-916525901	Fédération des Comme	5 Cité Van de Weghe, Lille, Hauts-de-France	S2-173508048	2	FÉDÉRATION [COMME]	27 RUE PAUL ANTIN, BORDEAUX, Gironde		0	different business / sibling cluster / other address (default)
838145	empty prediction	S1-916525901	Fédération des Comme	5 Cité Van de Weghe, Lille, Hauts-de-France	S3-673146625	3	Fédération des Comme (SA)	#10 Rue Champlain, Bordeaux, Nouvelle-Aquitaine		0	different business / sibling cluster / other address (default)
838145	empty prediction	S1-916525901	Fédération des Comme	5 Cité Van de Weghe, Lille, Hauts-de-France	S2-276247470	2	Fédération de Comme SAS	27 RUE PUAL ANTIN, BORDEAUX, Gironde		0	different business / sibling cluster / other address (default)
255347	empty prediction	S1-287679382	Team Culturelle SAS	4 Cour Stevenaert, Lille, Hauts-de-France	S2-247684740	2	Team Culturelle	COUR SETVENAERT, LILLE	0.3042260408401489	1	same name, street typo, no number
255347	empty prediction	S1-287679382	Team Culturelle SAS	4 Cour Stevenaert, Lille, Hauts-de-France	S2-760527465	2	Team  Culturelle	COUR STELENAERT, LILLE	0.4754452705383301	1	same name, street typo, no number
255347	empty prediction	S1-287679382	Team Culturelle SAS	4 Cour Stevenaert, Lille, Hauts-de-France	S2-335003693	2	Sarl Team Culturelle	68 R SIMOS, Lille, Hauts-de-France	0.00043729503522627056	0	different business / sibling cluster / other address (default)
255347	empty prediction	S1-287679382	Team Culturelle SAS	4 Cour Stevenaert, Lille, Hauts-de-France	S2-928727191	2	Team Culturelle	17 COUR JACQUARD, ROUBAIX, Hauts-de-France	0.001698697335086763	0	different business / sibling cluster / other address (default)
255347	empty prediction	S1-287679382	Team Culturelle SAS	4 Cour Stevenaert, Lille, Hauts-de-France	S3-394918239	3	AC	12 Cour Stevenaert, Lille, Hauts-de-France	0.01098968368023634	0	different business / sibling cluster / other address (default)
255347	empty prediction	S1-287679382	Team Culturelle SAS	4 Cour Stevenaert, Lille, Hauts-de-France	S3-456634310	3	Team Culturelle SNC	#5 Cour Stevenaert, Lille, Nord	0.027164405211806297	?	number 5 vs 4, +SNC, no branch word
255347	empty prediction	S1-287679382	Team Culturelle SAS	4 Cour Stevenaert, Lille, Hauts-de-France	S3-302752830	3	Team Culturelle		0.030036581680178642	?	no address; same name also at other Lille/Roubaix addresses
255347	empty prediction	S1-287679382	Team Culturelle SAS	4 Cour Stevenaert, Lille, Hauts-de-France	S3-972680094	3	SAS Team Culturelle	16 Rue Du Becquerel, Lille, Hauts-de-France	0.0007182932458817959	0	different business / sibling cluster / other address (default)
255347	empty prediction	S1-287679382	Team Culturelle SAS	4 Cour Stevenaert, Lille, Hauts-de-France	S2-83241120	2	Team Culturelle SARL	3 RUE D' ORAN, TOURCOING, Nord		0	different business / sibling cluster / other address (default)
255347	empty prediction	S1-287679382	Team Culturelle SAS	4 Cour Stevenaert, Lille, Hauts-de-France	S3-76812404	3	Team Culturelle	0034 Rue Charles Gide, Lille, Nord		0	different business / sibling cluster / other address (default)
255347	empty prediction	S1-287679382	Team Culturelle SAS	4 Cour Stevenaert, Lille, Hauts-de-France	S2-577518462	2	Team Culturelle	53 RUE DE LENS, LILLE		0	different business / sibling cluster / other address (default)
255347	empty prediction	S1-287679382	Team Culturelle SAS	4 Cour Stevenaert, Lille, Hauts-de-France	S2-486175522	2	Team Culturelle SARL	2 RUE JEAN JAURÈS, SAINT-HERBLAIN		0	different business / sibling cluster / other address (default)
255347	empty prediction	S1-287679382	Team Culturelle SAS	4 Cour Stevenaert, Lille, Hauts-de-France	S2-751545541	2	Lille Ecole	Hauts-de-France, COUR STEVENAERT, LILLE		0	different business / sibling cluster / other address (default)
255347	empty prediction	S1-287679382	Team Culturelle SAS	4 Cour Stevenaert, Lille, Hauts-de-France	S2-312554794	2	Team Çulturelle SCI	R. BRANLY, NANTES, Pays de la Loire		0	different business / sibling cluster / other address (default)
1529438	empty prediction	S1-711561831	LWB Culture SASU	48 Rue Paul Wante, Roubaix, Hauts-de-France	S2-34769023	2	LWB Culture France SASU	57 RUE PAUL WANTE, ROUBAIX, Hauts-de-France	0.14947468042373657	0	'France' added at other number (sibling)
1529438	empty prediction	S1-711561831	LWB Culture SASU	48 Rue Paul Wante, Roubaix, Hauts-de-France	S2-669272373	2	ACD	40 R PAUL WANTE, Roubaix	0.003011777764186263	0	different business / sibling cluster / other address (default)
1529438	empty prediction	S1-711561831	LWB Culture SASU	48 Rue Paul Wante, Roubaix, Hauts-de-France	S2-438833604	2	Gym Gestion (France) SCI	(6) RUE PAUL WANTE, ROUBAIX, Nord	1.8234826711704955e-05	0	different business / sibling cluster / other address (default)
1529438	empty prediction	S1-711561831	LWB Culture SASU	48 Rue Paul Wante, Roubaix, Hauts-de-France	S2-848725814	2	Zetakornyla	# 22 RUE PAUL WANTE, Roubaix	0.001830038265325129	0	different business / sibling cluster / other address (default)
1529438	empty prediction	S1-711561831	LWB Culture SASU	48 Rue Paul Wante, Roubaix, Hauts-de-France	S2-273510059	2	@roubaixcollge	RUE PAUL WANTE, ROUBAIX, Nord	0.009263820014894009	0	different business / sibling cluster / other address (default)
1529438	empty prediction	S1-711561831	LWB Culture SASU	48 Rue Paul Wante, Roubaix, Hauts-de-France	S3-15363719	3	LWB Ecole SASU	57 R Paul Wante, Roubaix, Hauts-de-France	0.11828472465276718	0	different business / sibling cluster / other address (default)
1529438	empty prediction	S1-711561831	LWB Culture SASU	48 Rue Paul Wante, Roubaix, Hauts-de-France	S2-817610698	2	Roubaix Amicale	53 RUE PAUL WANTE, ROUBAIX		0	different business / sibling cluster / other address (default)
1529438	empty prediction	S1-711561831	LWB Culture SASU	48 Rue Paul Wante, Roubaix, Hauts-de-France	S3-916952056	3	Roubaix Collège SARL	No. 24 Rue Paul Wante, Roubaix, Nord		0	different business / sibling cluster / other address (default)
1529438	empty prediction	S1-711561831	LWB Culture SASU	48 Rue Paul Wante, Roubaix, Hauts-de-France	S2-954706305	2	Cercle Ecole EURL	10 R. PAUL WANTE, ROUBAIX		0	different business / sibling cluster / other address (default)
1529438	empty prediction	S1-711561831	LWB Culture SASU	48 Rue Paul Wante, Roubaix, Hauts-de-France	S3-88799644	3	Roubaix Section ((SAS))	12 Rue Paul Wante, Roubaix, Nord		0	different business / sibling cluster / other address (default)
1529438	empty prediction	S1-711561831	LWB Culture SASU	48 Rue Paul Wante, Roubaix, Hauts-de-France	S2-769850801	2	Sàrl Nationale Primaire	N° 26 RUE PAUL WANTE, Roubaix, Hauts-de-France		0	different business / sibling cluster / other address (default)
1529438	empty prediction	S1-711561831	LWB Culture SASU	48 Rue Paul Wante, Roubaix, Hauts-de-France	S3-227941242	3	Association De Lieu SARL	18 Rue Paul Wante, Roubaix		0	different business / sibling cluster / other address (default)
304816	empty prediction	S1-168232783	Comité de Corporative	Nouvelle-Aquitaine, 1 Rue Capitaine Raffin, Bordeaux	S2-319438782	2	SASU Comité de Corporative	12 RUE CAPITAINE RAIFIN, Bordeaux, Nouvelle-Aquitaine	0.5631127953529358	0	member of #12 cluster with Participations
304816	empty prediction	S1-168232783	Comité de Corporative	Nouvelle-Aquitaine, 1 Rue Capitaine Raffin, Bordeaux	S3-990491993	3	Amicale de Corporative SCI	00100 R. Prunier, Bordeaux, Nouvelle-Aquitaine	0.0007081746589392424	0	different business / sibling cluster / other address (default)
304816	empty prediction	S1-168232783	Comité de Corporative	Nouvelle-Aquitaine, 1 Rue Capitaine Raffin, Bordeaux	S3-559803449	3	Comité de Corporative [Participations]	12 R Capitaine Raffin, Bordeaux, Gironde	0.02577853947877884	0	Participations at other number
304816	empty prediction	S1-168232783	Comité de Corporative	Nouvelle-Aquitaine, 1 Rue Capitaine Raffin, Bordeaux	S3-182789946	3	Club de Corporative SA			0	different business / sibling cluster / other address (default)
304816	empty prediction	S1-168232783	Comité de Corporative	Nouvelle-Aquitaine, 1 Rue Capitaine Raffin, Bordeaux	S2-494278640	2	Corporative Lycée SARL	#20 RUE DES MÉSANGES CAP FERRET, LÈGE-CAP-FERRET, Gironde		0	different business / sibling cluster / other address (default)
304816	empty prediction	S1-168232783	Comité de Corporative	Nouvelle-Aquitaine, 1 Rue Capitaine Raffin, Bordeaux	S2-730842869	2	CORPORATIVE AMIS SARL	2 RUE DU LIVEU, MERIGNAC, Gironde		0	different business / sibling cluster / other address (default)
304816	empty prediction	S1-168232783	Comité de Corporative	Nouvelle-Aquitaine, 1 Rue Capitaine Raffin, Bordeaux	S3-679142873	3	Corporative SARL [Ecole]	#20 Rue Des Mésanges Cap Ferret, Lège Cap Ferret		0	different business / sibling cluster / other address (default)
304816	empty prediction	S1-168232783	Comité de Corporative	Nouvelle-Aquitaine, 1 Rue Capitaine Raffin, Bordeaux	S3-420035989	3	Union des Corporative	0036 Rue Coustou, Lille, Nord		0	different business / sibling cluster / other address (default)
304816	empty prediction	S1-168232783	Comité de Corporative	Nouvelle-Aquitaine, 1 Rue Capitaine Raffin, Bordeaux	S3-83195450	3	Union des Corporative SCI	0036 Rue Coustou, Lille, Nord		0	different business / sibling cluster / other address (default)
541751	empty prediction	S1-861987380	Centre Hospitalier Marie	5 Avenue de la Fraternelle, Mérignac, Nouvelle-Aquitaine	S2-262111144	2	Centre Hospitalier Saint Deleves	21 AVENUE DE LA FRATERNELLE, MERIGNAC, Nouvelle-Aquitaine	0.008329859934747219	0	different business / sibling cluster / other address (default)
541751	empty prediction	S1-861987380	Centre Hospitalier Marie	5 Avenue de la Fraternelle, Mérignac, Nouvelle-Aquitaine	S2-793620243	2	CENTRE HOSPITALIER MÀRIE		0.026776563376188278	?	no address; name shared by other Centre Hospitalier Marie entities
541751	empty prediction	S1-861987380	Centre Hospitalier Marie	5 Avenue de la Fraternelle, Mérignac, Nouvelle-Aquitaine	S2-640002891	2	CENTRE HOSPITALIER MARIE FRANCE	026 AVENUE DE LA FRATERNELLE, MÉRIGNAC, Gironde	0.0008967744070105255	0	'France' at #26 cluster
541751	empty prediction	S1-861987380	Centre Hospitalier Marie	5 Avenue de la Fraternelle, Mérignac, Nouvelle-Aquitaine	S2-958623449	2	CENTRE HOSPITALIER SAINT DELRMVES DÉVELOPPEMENT	026 AV. DE LA FRATERNELLE, MERIGNAC, Gironde	0.00020591293286997825	0	different business / sibling cluster / other address (default)
541751	empty prediction	S1-861987380	Centre Hospitalier Marie	5 Avenue de la Fraternelle, Mérignac, Nouvelle-Aquitaine	S3-661130026	3	pessacprimairesarl.com	Pessac, Nº 5 Avenue De La Fraternelle	0.012906214222311974	0	different business / sibling cluster / other address (default)
541751	empty prediction	S1-861987380	Centre Hospitalier Marie	5 Avenue de la Fraternelle, Mérignac, Nouvelle-Aquitaine	S3-763862922	3	Centre Hospitalier De Marie SARL		0.010975300334393978	?	no address, shared name
541751	empty prediction	S1-861987380	Centre Hospitalier Marie	5 Avenue de la Fraternelle, Mérignac, Nouvelle-Aquitaine	S3-677052617	3	Centre Hospitalier Marie S.C.I.	26 Av De La Fraternelle, Merignac, Nouvelle-Aquitaine	0.14567556977272034	0	#26 cluster
541751	empty prediction	S1-861987380	Centre Hospitalier Marie	5 Avenue de la Fraternelle, Mérignac, Nouvelle-Aquitaine	S3-680608857	3	CENTRE HOSPITALIER MARIE & Co		0.014206891879439354	?	no address, shared name
541751	empty prediction	S1-861987380	Centre Hospitalier Marie	5 Avenue de la Fraternelle, Mérignac, Nouvelle-Aquitaine	S3-971923029	3	Centre Hôspitalier De Marie EURL	12 Rue Des Arts, Merignac, Nouvelle-Aquitaine		0	different business / sibling cluster / other address (default)
541751	empty prediction	S1-861987380	Centre Hospitalier Marie	5 Avenue de la Fraternelle, Mérignac, Nouvelle-Aquitaine	S2-199313109	2	CENTRE HOSPITALIER DE MÀRIE	010 RUE DES ARTS, MÉRIGNAC, Nouvelle-Aquitaine		0	different business / sibling cluster / other address (default)
541751	empty prediction	S1-861987380	Centre Hospitalier Marie	5 Avenue de la Fraternelle, Mérignac, Nouvelle-Aquitaine	S2-615167435	2	Centre Hospitalier de Marie	QUAI DE LA FOSSE, NANTES		0	different business / sibling cluster / other address (default)
1047369	empty prediction	S1-956041469	Films Vie Institut SAS	45 bis Rue du Général Chanzy, Roubaix, Hauts-de-France	S2-259960447	2	CR	42 R CHANZY, Dunkerque, Nord	0.000201344839297235	0	different business / sibling cluster / other address (default)
1047369	empty prediction	S1-956041469	Films Vie Institut SAS	45 bis Rue du Général Chanzy, Roubaix, Hauts-de-France	S2-824181341	2	SAS Films Vie Amicale	66 BIS R DU GÉNÉRAL CHANZY, Roubaix	0.017782064154744148	0	different business / sibling cluster / other address (default)
1047369	empty prediction	S1-956041469	Films Vie Institut SAS	45 bis Rue du Général Chanzy, Roubaix, Hauts-de-France	S2-758192952	2	Films Vie Institut Distribution SAS	ROUBAIX, 66 BIS RUE DU GÉNÉRAL CHANZY	0.007179580628871918	0	different business / sibling cluster / other address (default)
1047369	empty prediction	S1-956041469	Films Vie Institut SAS	45 bis Rue du Général Chanzy, Roubaix, Hauts-de-France	S3-864175842	3	Films Vie Sportive SAS	66 Bis Rue Du General Chanzy, Roubaix, Nord	0.013029280118644238	0	different business / sibling cluster / other address (default)
1047369	empty prediction	S1-956041469	Films Vie Institut SAS	45 bis Rue du Général Chanzy, Roubaix, Hauts-de-France	S3-475923552	3	Films	Roubaix, 3 Rue Bourdaloue, Hauts-de-France	0.0004275592800695449	0	different business / sibling cluster / other address (default)
1047369	empty prediction	S1-956041469	Films Vie Institut SAS	45 bis Rue du Général Chanzy, Roubaix, Hauts-de-France	S2-241291683	2	FILMS  CLUB	4 AVENUE DU PAYS DE BUCH, LA TESTE DE BUCH, Gironde		0	different business / sibling cluster / other address (default)
1047369	empty prediction	S1-956041469	Films Vie Institut SAS	45 bis Rue du Général Chanzy, Roubaix, Hauts-de-France	S3-244735082	3	Films Lycee SASU	15 Rue Du Parc, Roubaix, Hauts-de-France		0	different business / sibling cluster / other address (default)
1047369	empty prediction	S1-956041469	Films Vie Institut SAS	45 bis Rue du Général Chanzy, Roubaix, Hauts-de-France	S2-869604541	2	Parents Du Films	111 RUE DE ROUBAIX, DUNKERQUE, Hauts-de-France		0	different business / sibling cluster / other address (default)
1047369	empty prediction	S1-956041469	Films Vie Institut SAS	45 bis Rue du Général Chanzy, Roubaix, Hauts-de-France	S3-596251869	3	SARL Films Club	52 R Du Blayais, Pessac, Gironde		0	different business / sibling cluster / other address (default)
1047369	empty prediction	S1-956041469	Films Vie Institut SAS	45 bis Rue du Général Chanzy, Roubaix, Hauts-de-France	S3-572903714	3	SAS Films Çlub	39 R Du Blayais, Pessac, Gironde		0	different business / sibling cluster / other address (default)
1074320	empty prediction	S1-514366680	Fédération des Gabriel	288 Rue Racine, Tourcoing, Hauts-de-France	S2-66396355	2	Fédération des Gabriel Participations	290 RUE RACINE, TOURCOING, Nord	0.0025359278079122305	0	different business / sibling cluster / other address (default)
1074320	empty prediction	S1-514366680	Fédération des Gabriel	288 Rue Racine, Tourcoing, Hauts-de-France	S3-264550451	3	Wexzeta F/K/A Maison Gabriel	49 Rue du Calvaire, Tourcoing, Hauts-de-France	0.000781846116296947	0	different business / sibling cluster / other address (default)
1074320	empty prediction	S1-514366680	Fédération des Gabriel	288 Rue Racine, Tourcoing, Hauts-de-France	S3-656363026	3	Gabriel Mâternelle SARL			0	different business / sibling cluster / other address (default)
1074320	empty prediction	S1-514366680	Fédération des Gabriel	288 Rue Racine, Tourcoing, Hauts-de-France	S2-817629998	2	Gabriel  Loisirs SARL			0	different business / sibling cluster / other address (default)
1074320	empty prediction	S1-514366680	Fédération des Gabriel	288 Rue Racine, Tourcoing, Hauts-de-France	S2-305229710	2	Maison Gabriel SA	RUE DU CALVAIRE, TOURCOING, Hauts-de-France		0	different business / sibling cluster / other address (default)
1074320	empty prediction	S1-514366680	Fédération des Gabriel	288 Rue Racine, Tourcoing, Hauts-de-France	S3-467996926	3	Gabriel Amicale	No. 70 Rte De Sainte Luce, Nantes		0	different business / sibling cluster / other address (default)
1074320	empty prediction	S1-514366680	Fédération des Gabriel	288 Rue Racine, Tourcoing, Hauts-de-France	S3-564566228	3	Gabriel Sportive  (SAS)	207 Boulevard Victor Hugo, Lille, Hauts-de-France		0	different business / sibling cluster / other address (default)
1074320	empty prediction	S1-514366680	Fédération des Gabriel	288 Rue Racine, Tourcoing, Hauts-de-France	S2-164228953	2	Gabriel  SAS Services	205 BOULEVARD VICTOR HUGO, LILLE, Hauts-de-France		0	different business / sibling cluster / other address (default)
1074320	empty prediction	S1-514366680	Fédération des Gabriel	288 Rue Racine, Tourcoing, Hauts-de-France	S3-49743494	3	Gabriel Pàrents SAS	205 Bd Victor Hugo, Lille, Nord		0	different business / sibling cluster / other address (default)
1416426	empty prediction	S1-433030939	Lecoute Fetes SAS	12 Rue Charles Lebourg, Nantes, Pays de la Loire	S2-690932389	2	Lecoute Jeunes Sas	21 RUE CHARLES LEBOURG, NANTES	0.012635140679776669	0	different business / sibling cluster / other address (default)
1416426	empty prediction	S1-433030939	Lecoute Fetes SAS	12 Rue Charles Lebourg, Nantes, Pays de la Loire	S2-589448676	2	SAS Lecoute Comite	21 RUE CHARLES LEBOURG, Nantes	0.001393914339132607	0	different business / sibling cluster / other address (default)
1416426	empty prediction	S1-433030939	Lecoute Fetes SAS	12 Rue Charles Lebourg, Nantes, Pays de la Loire	S2-812888243	2	Lecoute Développement SAS Développement	21 R. CHARLES LEBOURG, NANTES	0.0035098919179290533	0	different business / sibling cluster / other address (default)
1416426	empty prediction	S1-433030939	Lecoute Fetes SAS	12 Rue Charles Lebourg, Nantes, Pays de la Loire	S3-802934508	3	Lecoute Fetes	95 Rue Roger Salengro, Lille, Nord		0	different business / sibling cluster / other address (default)
1416426	empty prediction	S1-433030939	Lecoute Fetes SAS	12 Rue Charles Lebourg, Nantes, Pays de la Loire	S3-968644395	3	Lecoute Comite SCI	6 Rue Du Chemin De Fer, Lille, Hauts-de-France		0	different business / sibling cluster / other address (default)
1416426	empty prediction	S1-433030939	Lecoute Fetes SAS	12 Rue Charles Lebourg, Nantes, Pays de la Loire	S2-722773685	2	Lecoute-Comite SARL	6 RUE DU CHEMIN DE FER, Nord, LILLE		0	different business / sibling cluster / other address (default)
1416426	empty prediction	S1-433030939	Lecoute Fetes SAS	12 Rue Charles Lebourg, Nantes, Pays de la Loire	S3-998260829	3	Sarl Lecoute Anciens	4 Rue Du Fils, Bordeaux		0	different business / sibling cluster / other address (default)
1416426	empty prediction	S1-433030939	Lecoute Fetes SAS	12 Rue Charles Lebourg, Nantes, Pays de la Loire	S2-885412615	2	LECOUTE (ANCIENS-SARL)	4 RUE DU FILS, BORDEAUX		0	different business / sibling cluster / other address (default)
1521097	empty prediction	S1-934691731	Communale Sport SARL	1 Lieu Dit Huchepie, Pornic, Pays de la Loire	S2-698496608	2	Communale Élémentaire SARL	6 LIEU DIT HUCHEPIE, PORNIC, Loire-Atlantique	0.0019752185326069593	0	different business / sibling cluster / other address (default)
1521097	empty prediction	S1-934691731	Communale Sport SARL	1 Lieu Dit Huchepie, Pornic, Pays de la Loire	S2-607575041	2	Communale Sport		0.016565019264817238	1	same name, no address, name unique in neighbourhood
1521097	empty prediction	S1-934691731	Communale Sport SARL	1 Lieu Dit Huchepie, Pornic, Pays de la Loire	S2-766881296	2	Communale As SARL	51 LA COREILLERE, PORNIC, Pays de la Loire	0.09495709836483002	0	different business / sibling cluster / other address (default)
1521097	empty prediction	S1-934691731	Communale Sport SARL	1 Lieu Dit Huchepie, Pornic, Pays de la Loire	S3-574469786	3	Communale Ecole	6 Lieu Dit Huceepie, Pornic, Pays de la Loire	0.1404377669095993	0	different business / sibling cluster / other address (default)
1521097	empty prediction	S1-934691731	Communale Sport SARL	1 Lieu Dit Huchepie, Pornic, Pays de la Loire	S3-750256443	3	Pornic Amis SARL	6 Bis Lieu Dit Huchepie, Loire-Atlantique, Pornic		0	different business / sibling cluster / other address (default)
1521097	empty prediction	S1-934691731	Communale Sport SARL	1 Lieu Dit Huchepie, Pornic, Pays de la Loire	S2-691226821	2	Pornic Amis SCI	6 BIS LIEU DIT HUCHEPIE, PORNIC, Loire-Atlantique		0	different business / sibling cluster / other address (default)
1521097	empty prediction	S1-934691731	Communale Sport SARL	1 Lieu Dit Huchepie, Pornic, Pays de la Loire	S2-898923593	2	Centre Médical Sainte Jean	14 LIEU DIT HUCHEPIE, PORNIC, Pays de la Loire		0	different business / sibling cluster / other address (default)
1521097	empty prediction	S1-934691731	Communale Sport SARL	1 Lieu Dit Huchepie, Pornic, Pays de la Loire	S3-209039496	3	Centre Médical Sainte Jean SCI	#14 Lieu Dit Huchepie, Pornic		0	different business / sibling cluster / other address (default)
1521097	empty prediction	S1-934691731	Communale Sport SARL	1 Lieu Dit Huchepie, Pornic, Pays de la Loire	S3-552646949	3	Centre Médical Sainte Jean Distribution	35 Lieu Dit Huchepie, Pornic		0	different business / sibling cluster / other address (default)
1521097	empty prediction	S1-934691731	Communale Sport SARL	1 Lieu Dit Huchepie, Pornic, Pays de la Loire	S2-688888475	2	Pornic  Amis S.A.S	1 BIS LIEU DIT HUCHEPIE, PORNIC, Pays de la Loire		0	different business / sibling cluster / other address (default)
273112	empty prediction	S1-474609354	Enseignement Anciens	100 Rue Anatole France, Lille, Hauts-de-France	S2-713262268	2	ENSEIGNEMENT ANCIENS (FRANCE) SÀRL	48 RUE DE MADTID, BORDEAUX, Nouvelle-Aquitaine	0.00017881930398289114	0	different business / sibling cluster / other address (default)
273112	empty prediction	S1-474609354	Enseignement Anciens	100 Rue Anatole France, Lille, Hauts-de-France	S3-331816101	3	Enseignement Anciens	Tourcoing, Rue D' Alexandrie, Hauts-de-France	0.29408568143844604	0	different business / sibling cluster / other address (default)
273112	empty prediction	S1-474609354	Enseignement Anciens	100 Rue Anatole France, Lille, Hauts-de-France	S3-877006975	3	Enseignement Anciens SAS	104 Rue Anatole France, Lille, Hauts-de-France	0.04115208983421326	?	number 100 vs 104 same street, +SAS
273112	empty prediction	S1-474609354	Enseignement Anciens	100 Rue Anatole France, Lille, Hauts-de-France	S3-593490222	3	Enseignement Ecole	100 R. Testlin, Lille, Hauts-de-France	0.506500244140625	0	different business / sibling cluster / other address (default)
273112	empty prediction	S1-474609354	Enseignement Anciens	100 Rue Anatole France, Lille, Hauts-de-France	S2-406282868	2	Enseignement Anciens (France) Participations SASU	22 RUE D' ALEXANDRIE, TOURCOING, Nord		0	different business / sibling cluster / other address (default)
273112	empty prediction	S1-474609354	Enseignement Anciens	100 Rue Anatole France, Lille, Hauts-de-France	S2-345632090	2	ENSEIGNEMENT ANCIENS (FRANCE) FRANCE	Nord, TOURCOING, 22 RUE D' ALEXANDRIE		0	different business / sibling cluster / other address (default)
273112	empty prediction	S1-474609354	Enseignement Anciens	100 Rue Anatole France, Lille, Hauts-de-France	S3-899455625	3	SARL Enseignement (France) Centre Frânce	100 Rue Du Docteur Louis Delegrange, Tourcoing, Nord		0	different business / sibling cluster / other address (default)
273112	empty prediction	S1-474609354	Enseignement Anciens	100 Rue Anatole France, Lille, Hauts-de-France	S3-477812915	3	Enseignement Sportive  SAS			0	different business / sibling cluster / other address (default)
1423559	empty prediction	S1-237035327	Union du The	2 Rue Halévy, Lille, Hauts-de-France	S2-642787123	2	CO Union Sarl		0.011538212187588215	0	different business / sibling cluster / other address (default)
1423559	empty prediction	S1-237035327	Union du The	2 Rue Halévy, Lille, Hauts-de-France	S2-37397916	2	Union du  The Distribution	5 R. HALEVY, LILLE, Hauts-de-France	0.0010803872719407082	0	different business / sibling cluster / other address (default)
1423559	empty prediction	S1-237035327	Union du The	2 Rue Halévy, Lille, Hauts-de-France	S2-68499657	2	UNION DU THE SA	5 R HALÉVY, LILLE, Hauts-de-France	0.02602488361299038	0	#5 cluster with Distribution
1423559	empty prediction	S1-237035327	Union du The	2 Rue Halévy, Lille, Hauts-de-France	S3-313484113	3	lotamissas.com	Nº 28 Rue Halevy, Lille, Hauts-de-France	0.027302676811814308	0	different business / sibling cluster / other address (default)
1423559	empty prediction	S1-237035327	Union du The	2 Rue Halévy, Lille, Hauts-de-France	S3-47630443	3	Union	46 Rue Jean Moulin, Roubaix, Hauts-de-France	0.04773804917931557	0	different business / sibling cluster / other address (default)
1423559	empty prediction	S1-237035327	Union du The	2 Rue Halévy, Lille, Hauts-de-France	S3-235014576	3	SCI Union de Batterie	41 Rue Halévy, Lille	0.010751927271485329	0	different business / sibling cluster / other address (default)
1423559	empty prediction	S1-237035327	Union du The	2 Rue Halévy, Lille, Hauts-de-France	S3-909656462	3	Union de Batterie France	41 Rue Halevy, Lille	0.0005151441437192261	0	different business / sibling cluster / other address (default)
1423559	empty prediction	S1-237035327	Union du The	2 Rue Halévy, Lille, Hauts-de-France	S3-253649214	3	Union	9 Rue de l'Ecole-Saint-Louis, Lille, Hauts-de-France		0	different business / sibling cluster / other address (default)
1423559	empty prediction	S1-237035327	Union du The	2 Rue Halévy, Lille, Hauts-de-France	S3-113183768	3	CO UNION SARL	Avenue Ouest, Lege-cap-ferret, Nouvelle-Aquitaine		0	different business / sibling cluster / other address (default)
1423559	empty prediction	S1-237035327	Union du The	2 Rue Halévy, Lille, Hauts-de-France	S3-446670365	3	The Des Union	58 Rue Maréchal Joffre, Bordeaux, Nouvelle-Aquitaine		0	different business / sibling cluster / other address (default)
1423559	empty prediction	S1-237035327	Union du The	2 Rue Halévy, Lille, Hauts-de-France	S2-896281462	2	Union des The SAS	58 RUE MARECHAL JOFFRE, BORDEAUX		0	different business / sibling cluster / other address (default)
1423559	empty prediction	S1-237035327	Union du The	2 Rue Halévy, Lille, Hauts-de-France	S2-664255048	2	Union des The SCI	#33 R RENE GUILLOUZO, SAINT-NAZAIRE, Loire-Atlantique		0	different business / sibling cluster / other address (default)
300847	empty prediction	S1-652611382	Pommerit Syndicat Groupe EURL	18 Rue de Tresses, Bordeaux, Nouvelle-Aquitaine	S2-377469163	2	ES	NO 40 RUE DE TRESSES, Bordeaux	0.0001919546048156917	0	different business / sibling cluster / other address (default)
300847	empty prediction	S1-652611382	Pommerit Syndicat Groupe EURL	18 Rue de Tresses, Bordeaux, Nouvelle-Aquitaine	S3-355278565	3	Pommerit Syndicat-Groupe Développement	22 R De Tresses, Bordeaux, Gironde	0.0014666100032627583	0	different business / sibling cluster / other address (default)
300847	empty prediction	S1-652611382	Pommerit Syndicat Groupe EURL	18 Rue de Tresses, Bordeaux, Nouvelle-Aquitaine	S2-338617806	2	SYNDICAT RESIDENCE EURL	15 R SAINT-FRANCOIS, BORDEAUX		0	different business / sibling cluster / other address (default)
300847	empty prediction	S1-652611382	Pommerit Syndicat Groupe EURL	18 Rue de Tresses, Bordeaux, Nouvelle-Aquitaine	S2-254033385	2	Club Des Syndicat	RUE DE ROSNY, BORDEAUX, Nouvelle-Aquitaine		0	different business / sibling cluster / other address (default)
300847	empty prediction	S1-652611382	Pommerit Syndicat Groupe EURL	18 Rue de Tresses, Bordeaux, Nouvelle-Aquitaine	S2-653342537	2	Club des Syndicat	RUE DE ROSNY, BORDEAUX, Nouvelle-Aquitaine		0	different business / sibling cluster / other address (default)
300847	empty prediction	S1-652611382	Pommerit Syndicat Groupe EURL	18 Rue de Tresses, Bordeaux, Nouvelle-Aquitaine	S3-873689854	3	Club des  Syndicat	2 Rue De Rosny, Bordeaux, Nouvelle-Aquitaine		0	different business / sibling cluster / other address (default)
300847	empty prediction	S1-652611382	Pommerit Syndicat Groupe EURL	18 Rue de Tresses, Bordeaux, Nouvelle-Aquitaine	S3-312935446	3	Syndicat SARL Club	27 R. Du Marais, Dunkerque, Nord		0	different business / sibling cluster / other address (default)
300847	empty prediction	S1-652611382	Pommerit Syndicat Groupe EURL	18 Rue de Tresses, Bordeaux, Nouvelle-Aquitaine	S2-494949485	2	Amicale de Syndicat	40 RUE DES FAUVETTES, ST.-NAZAIRE, Pays de la Loire		0	different business / sibling cluster / other address (default)
300847	empty prediction	S1-652611382	Pommerit Syndicat Groupe EURL	18 Rue de Tresses, Bordeaux, Nouvelle-Aquitaine	S3-704602173	3	Syndicat Club	17 Avenue Est Cap Ferret, Lège Cap Ferret, Gironde		0	different business / sibling cluster / other address (default)
1133820	empty prediction	S1-721763517	Amicale des Privée	41 Boulevard du Docteur Louis Lalanne Pyla, La Teste-de-Buch, Nouvelle-Aquitaine	S2-950043934	2	Amicale des Privée Groupe	46 BD DU DOCTEUR LOUIS LALANNE PYLA, LA TESTE-DE-BUCH, Nouvelle-Aquitaine	0.009997365064918995	0	different business / sibling cluster / other address (default)
1133820	empty prediction	S1-721763517	Amicale des Privée	41 Boulevard du Docteur Louis Lalanne Pyla, La Teste-de-Buch, Nouvelle-Aquitaine	S2-865799261	2	Amicale des Privée Holding SASU	46 BOULEVARD DU DOTCEUR LOUIS LALANNE PYLA, LA TESTE-DE-BUCH, Nouvelle-Aquitaine	0.003481899853795767	0	different business / sibling cluster / other address (default)
1133820	empty prediction	S1-721763517	Amicale des Privée	41 Boulevard du Docteur Louis Lalanne Pyla, La Teste-de-Buch, Nouvelle-Aquitaine	S3-668300450	3	Amicale De Privée		0.033857766538858414	?	no address; name shared by other Amicale de Privee entities
1133820	empty prediction	S1-721763517	Amicale des Privée	41 Boulevard du Docteur Louis Lalanne Pyla, La Teste-de-Buch, Nouvelle-Aquitaine	S2-155774257	2	Amicale de  Privée SAS	18 RUE VICTOR DURUY, BORDEAUX, Gironde		0	different business / sibling cluster / other address (default)
1133820	empty prediction	S1-721763517	Amicale des Privée	41 Boulevard du Docteur Louis Lalanne Pyla, La Teste-de-Buch, Nouvelle-Aquitaine	S3-184744332	3	Amicale dè Privée	18 R Victor Duruy, Bordeaux, Gironde		0	different business / sibling cluster / other address (default)
1133820	empty prediction	S1-721763517	Amicale des Privée	41 Boulevard du Docteur Louis Lalanne Pyla, La Teste-de-Buch, Nouvelle-Aquitaine	S3-695411616	3	Amicale De Privée EURL	18 Rue Victor Duruy, Bordeaux, Gironde		0	different business / sibling cluster / other address (default)
1133820	empty prediction	S1-721763517	Amicale des Privée	41 Boulevard du Docteur Louis Lalanne Pyla, La Teste-de-Buch, Nouvelle-Aquitaine	S2-79069014	2	Amicale (Privée)	18 R VICTOR DURUY, BORDEAUX, Gironde		0	different business / sibling cluster / other address (default)
1133820	empty prediction	S1-721763517	Amicale des Privée	41 Boulevard du Docteur Louis Lalanne Pyla, La Teste-de-Buch, Nouvelle-Aquitaine	S2-946990680	2	Amicale dê Privée	18 R. VICTOR DURUY, BORDEAUX, Gironde		0	different business / sibling cluster / other address (default)
1133820	empty prediction	S1-721763517	Amicale des Privée	41 Boulevard du Docteur Louis Lalanne Pyla, La Teste-de-Buch, Nouvelle-Aquitaine	S3-798183972	3	Amicale de Privée	Roubaix, # 52 Rue Saint-louis		0	different business / sibling cluster / other address (default)
1133820	empty prediction	S1-721763517	Amicale des Privée	41 Boulevard du Docteur Louis Lalanne Pyla, La Teste-de-Buch, Nouvelle-Aquitaine	S2-15768623	2	Amicale de Privée	RUE SAINT-OUIS, ROUBAIX		0	different business / sibling cluster / other address (default)
1212179	empty prediction	S1-718380684	Dassistantes & Fils SAS	16 RUE Sicard, Appartement 5 Etage 2, Bordeaux, Nouvelle-Aquitaine	S3-972367825	3	Dassistantes & Fils Distribution Sas	No. 19 R. Sicard, Bordeaux, Gironde	0.00018115155398845673	0	different business / sibling cluster / other address (default)
1212179	empty prediction	S1-718380684	Dassistantes & Fils SAS	16 RUE Sicard, Appartement 5 Etage 2, Bordeaux, Nouvelle-Aquitaine	S3-388363072	3	Dassistantes & Fils Développement SAS	No. 19 Rue Sicard, Appartement 5 Etage 2, Bordeaux, Gironde	0.0881638377904892	0	different business / sibling cluster / other address (default)
1212179	empty prediction	S1-718380684	Dassistantes & Fils SAS	16 RUE Sicard, Appartement 5 Etage 2, Bordeaux, Nouvelle-Aquitaine	S3-720804599	3	Dassistantes SCI Et Fils	Boulevard Jacquard, Calais, Hauts-de-France		0	different business / sibling cluster / other address (default)
1212179	empty prediction	S1-718380684	Dassistantes & Fils SAS	16 RUE Sicard, Appartement 5 Etage 2, Bordeaux, Nouvelle-Aquitaine	S3-772895788	3	Dassistantes EURL & Fils	11 R. Des Marronniers, Pessac, Gironde		0	different business / sibling cluster / other address (default)
1212179	empty prediction	S1-718380684	Dassistantes & Fils SAS	16 RUE Sicard, Appartement 5 Etage 2, Bordeaux, Nouvelle-Aquitaine	S3-213142786	3	Dassistantes Fils	31 Bis Rue de Gesvres, Nantes, Pays de la Loire		0	different business / sibling cluster / other address (default)
1212179	empty prediction	S1-718380684	Dassistantes & Fils SAS	16 RUE Sicard, Appartement 5 Etage 2, Bordeaux, Nouvelle-Aquitaine	S3-319202798	3	Dassistantes & Fils	31 Bis R De Gesvres, Nantes, Loire-Atlantique		0	different business / sibling cluster / other address (default)
1212179	empty prediction	S1-718380684	Dassistantes & Fils SAS	16 RUE Sicard, Appartement 5 Etage 2, Bordeaux, Nouvelle-Aquitaine	S3-270844072	3	Dassistantes & EURL Et Fils	20 Rue Du Buiston, Lille, Nord		0	different business / sibling cluster / other address (default)
1212179	empty prediction	S1-718380684	Dassistantes & Fils SAS	16 RUE Sicard, Appartement 5 Etage 2, Bordeaux, Nouvelle-Aquitaine	S2-967837072	2	Dassistantes & Fils SA	14 CHEMIN DE LANGUERON, MERIGNAC, Nouvelle-Aquitaine		0	different business / sibling cluster / other address (default)
157691	near-threshold	S1-838449037	Union des Svp	27 RUE Jean Bart, Maison des Associations mda, Lille, Hauts-de-France	S2-338495738	2	UNION DE MOTS	# 27 RUE JEAN BART, MDA, LILLE, Nord	0.5171732902526855	0	different name at same address
157691	near-threshold	S1-838449037	Union des Svp	27 RUE Jean Bart, Maison des Associations mda, Lille, Hauts-de-France	S3-611497012	3	Union Svp Participations	Lille, Hauts-de-France, 48 Rue Jean Bart	0.0011492135236039758	0	different business / sibling cluster / other address (default)
157691	near-threshold	S1-838449037	Union des Svp	27 RUE Jean Bart, Maison des Associations mda, Lille, Hauts-de-France	S3-730840890	3	Union des  Svp Développement	N°27 R Jena Bart, Nord, Maison Des Associations Mda, Lille	0.7158315181732178	?	same number+building, +Developpement
157691	near-threshold	S1-838449037	Union des Svp	27 RUE Jean Bart, Maison des Associations mda, Lille, Hauts-de-France	S3-980911891	3	Union dês Svp Holding	48 Rue Jean Bart, Maison Des Associations Mda, Lille, Hauts-de-France	0.001924173440784216	0	different business / sibling cluster / other address (default)
157691	near-threshold	S1-838449037	Union des Svp	27 RUE Jean Bart, Maison des Associations mda, Lille, Hauts-de-France	S3-602891827	3	Union Sainte Notre	#27 R Jean Bart, Maison Des Associations, Lille, Hauts-de-France	0.009664277546107769	0	different business / sibling cluster / other address (default)
157691	near-threshold	S1-838449037	Union des Svp	27 RUE Jean Bart, Maison des Associations mda, Lille, Hauts-de-France	S2-233779725	2	Union de Svp	72 AVE PIERRE MENDÈS-FRANCE, MÉRIGNAC, Gironde		0	different business / sibling cluster / other address (default)
157691	near-threshold	S1-838449037	Union des Svp	27 RUE Jean Bart, Maison des Associations mda, Lille, Hauts-de-France	S3-119557396	3	Union de Svp SCI	72 Av Pierre Mendès-france, Mérignac		0	different business / sibling cluster / other address (default)
157691	near-threshold	S1-838449037	Union des Svp	27 RUE Jean Bart, Maison des Associations mda, Lille, Hauts-de-France	S3-375244358	3	Union de Svp	72 Avenue Pierre Mendès-france, Mérignac		0	different business / sibling cluster / other address (default)
157691	near-threshold	S1-838449037	Union des Svp	27 RUE Jean Bart, Maison des Associations mda, Lille, Hauts-de-France	S2-665728462	2	UNION DÊ SVP	72 AVE PIERE MENDES-FRANCE, MERIGNAC, Gironde		0	different business / sibling cluster / other address (default)
157691	near-threshold	S1-838449037	Union des Svp	27 RUE Jean Bart, Maison des Associations mda, Lille, Hauts-de-France	S3-952766642	3	Union de Svp	Merignac, 72 Avenue Pierre Mendes-france		0	different business / sibling cluster / other address (default)
157691	near-threshold	S1-838449037	Union des Svp	27 RUE Jean Bart, Maison des Associations mda, Lille, Hauts-de-France	S3-703484116	3	Lille Danse SAS	Nº 38 R Jean Bart, Maison Des Associations, Lille		0	different business / sibling cluster / other address (default)
1068560	near-threshold	S1-661556575	GKX Foyer SAS	2 Rue Michelet, Calais, Hauts-de-France	S2-504683584	2	GKX FOYER	2 R MICELET, CALAIS, Pas-de-Calais	0.9997528195381165	1	same name/address, street typo
1068560	near-threshold	S1-661556575	GKX Foyer SAS	2 Rue Michelet, Calais, Hauts-de-France	S2-783059416	2	GKX  Foyer		0.5376220345497131	?	no address; another GKX Foyer at Dunkerque
1068560	near-threshold	S1-661556575	GKX Foyer SAS	2 Rue Michelet, Calais, Hauts-de-France	S3-550308107	3	GKX SCI Foyer	Hauts-de-France, Calais, 7 Rue Michelet	0.10105922818183899	0	#7 cluster
1068560	near-threshold	S1-661556575	GKX Foyer SAS	2 Rue Michelet, Calais, Hauts-de-France	S3-799078121	3	gkx theatre sas	2 R Michelet, Calais, Pas-de-Calais	0.6329727172851562	0	different word Theatre (co-located)
1068560	near-threshold	S1-661556575	GKX Foyer SAS	2 Rue Michelet, Calais, Hauts-de-France	S3-788685073	3	GKX FOYER SAS	2 Rue Michelet, Calais, Pas-de-Calais	0.999815046787262	1	same name/address
1068560	near-threshold	S1-661556575	GKX Foyer SAS	2 Rue Michelet, Calais, Hauts-de-France	S3-623656530	3	GKX Foyer Groupe SAS	7 R. Michelet, Calais, Hauts-de-France	0.29321765899658203	0	Groupe at #7 cluster
1068560	near-threshold	S1-661556575	GKX Foyer SAS	2 Rue Michelet, Calais, Hauts-de-France	S2-438070539	2	GKX  FOYER	#1475 AVENUE DE PETITE-SYNTHE, DUNKERQUE		0	different business / sibling cluster / other address (default)
1068560	near-threshold	S1-661556575	GKX Foyer SAS	2 Rue Michelet, Calais, Hauts-de-France	S2-986221550	2	GKX Foyer	#1475 AENUE DE PETITE-SYNTHE, DUNKERQUE		0	different business / sibling cluster / other address (default)
290871	near-threshold	S1-699818250	DU Sante SAS	53 Rue Mattéotti, Lille, Hauts-de-France	S2-38259133	2	DU Sante  SAS	N°53 R MATTÉOTTI, LILLE	0.9971702694892883	1	same
290871	near-threshold	S1-699818250	DU Sante SAS	53 Rue Mattéotti, Lille, Hauts-de-France	S3-423636446	3	DU Sante SAS	# 53 R Mattéotti, Lille, Nord	0.9940811991691589	1	same
290871	near-threshold	S1-699818250	DU Sante SAS	53 Rue Mattéotti, Lille, Hauts-de-France	S3-863138703	3	Sante	53 Rue du Tilleul, Tourcoing, Hauts-de-France	0.8792285323143005	0	'Sante' at other street/city
290871	near-threshold	S1-699818250	DU Sante SAS	53 Rue Mattéotti, Lille, Hauts-de-France	S3-428116167	3	DU Sante SAS	# 53 R. Matteotti, Lille, Nord	0.9955394864082336	1	same
290871	near-threshold	S1-699818250	DU Sante SAS	53 Rue Mattéotti, Lille, Hauts-de-France	S2-986227922	2	DU Sante  SAS	42 RUE DU GENERAL DE GAULLE, DUNKERQUE		0	different business / sibling cluster / other address (default)
290871	near-threshold	S1-699818250	DU Sante SAS	53 Rue Mattéotti, Lille, Hauts-de-France	S3-881335610	3	DU Sante  SAS	42 Rue Du Général De Gulle, Nord, Dunkerque		0	different business / sibling cluster / other address (default)
290871	near-threshold	S1-699818250	DU Sante SAS	53 Rue Mattéotti, Lille, Hauts-de-France	S3-835196251	3	Sante	2 Rue de Fleurus, Lille, Hauts-de-France		0	different business / sibling cluster / other address (default)
290871	near-threshold	S1-699818250	DU Sante SAS	53 Rue Mattéotti, Lille, Hauts-de-France	S3-735019340	3	PC  Sante SAS	38 R. Des Tanneurs, Lille		0	different business / sibling cluster / other address (default)
421814	near-threshold	S1-353225027	Calais Culturelle EURL	7 Rue de Nottingham, Calais, Hauts-de-France	S2-401091174	2	Calais Culturelle Groupe E.U.R.L.	14 R DE NOTTINGHAM, CALAIS	0.13580065965652466	0	Groupe at #14
421814	near-threshold	S1-353225027	Calais Culturelle EURL	7 Rue de Nottingham, Calais, Hauts-de-France	S2-227957470	2	CALAIS CULTURELLE E.U.R.L.	007 R. DE NOTTINGHAM, CALAIS, Pas-de-Calais	0.9992815852165222	1	same
421814	near-threshold	S1-353225027	Calais Culturelle EURL	7 Rue de Nottingham, Calais, Hauts-de-France	S2-859848935	2	CE	N°20 R DE NOTTINGHAM, Calais, Pas-de-Calais	0.00036096046096645296	0	different business / sibling cluster / other address (default)
421814	near-threshold	S1-353225027	Calais Culturelle EURL	7 Rue de Nottingham, Calais, Hauts-de-France	S3-113316835	3	E.U.R.L. Calais Culturelle	Rue De Nottingham, Calais, Hauts-de-France	0.9990578293800354	1	same, no number
421814	near-threshold	S1-353225027	Calais Culturelle EURL	7 Rue de Nottingham, Calais, Hauts-de-France	S3-236912288	3	Jaxpyrayuma	1 Rue De Nottingham, Calais, Hauts-de-France	0.029960379004478455	0	different business / sibling cluster / other address (default)
421814	near-threshold	S1-353225027	Calais Culturelle EURL	7 Rue de Nottingham, Calais, Hauts-de-France	S3-301269388	3	E.U.R.L. Communale Ecole (France) France	Nº 24 R De Nottingham, Calais	6.167745596030727e-06	0	different business / sibling cluster / other address (default)
421814	near-threshold	S1-353225027	Calais Culturelle EURL	7 Rue de Nottingham, Calais, Hauts-de-France	S3-816166442	3	Calais EURL & Fils	Rue De Nottingham, Calais, Hauts-de-France	0.31998178362846375	0	Calais & Fils differs
421814	near-threshold	S1-353225027	Calais Culturelle EURL	7 Rue de Nottingham, Calais, Hauts-de-France	S3-439085918	3	Calais Culturelle SASU	No 14 R De Nottingham, Calais, Pas-de-Calais	0.004174589179456234	0	#14 cluster
421814	near-threshold	S1-353225027	Calais Culturelle EURL	7 Rue de Nottingham, Calais, Hauts-de-France	S3-642253957	3	Solveo doing business as Calais Culturelle EURL	7 Rue de Nottingham, Calais, Hauts-de-France	0.9872288703918457	1	doing business as
421814	near-threshold	S1-353225027	Calais Culturelle EURL	7 Rue de Nottingham, Calais, Hauts-de-France	S3-819068122	3	Calais Culturelle  SARL	58 R Hoche, Calais, Pas-de-Calais		0	different business / sibling cluster / other address (default)
421814	near-threshold	S1-353225027	Calais Culturelle EURL	7 Rue de Nottingham, Calais, Hauts-de-France	S2-959365090	2	Calais Culturelle SASU	6 RUE DE LIMA, CALAIS		0	different business / sibling cluster / other address (default)
421814	near-threshold	S1-353225027	Calais Culturelle EURL	7 Rue de Nottingham, Calais, Hauts-de-France	S3-924679889	3	calais culturelle sci	5 Rue De Lima, Calais, Hauts-de-France		0	different business / sibling cluster / other address (default)
421814	near-threshold	S1-353225027	Calais Culturelle EURL	7 Rue de Nottingham, Calais, Hauts-de-France	S2-525140118	2	Calais Culturelle SCI	RUE DE LIMA, CALAIS, Pas-de-Calais		0	different business / sibling cluster / other address (default)
421814	near-threshold	S1-353225027	Calais Culturelle EURL	7 Rue de Nottingham, Calais, Hauts-de-France	S3-619595324	3	Calais Culturelle	19 Rue Masséna, Calais, Hauts-de-France		0	different business / sibling cluster / other address (default)
790464	near-threshold	S1-694293519	Roger Sportive SARL	8 RUE Gaston Marchou, pavillon Haussmann-appt 28, Bordeaux, Nouvelle-Aquitaine	S2-275011750	2	ROGER-SPORTIVE		0.9068903923034668	1	same name, no address, unique
790464	near-threshold	S1-694293519	Roger Sportive SARL	8 RUE Gaston Marchou, pavillon Haussmann-appt 28, Bordeaux, Nouvelle-Aquitaine	S2-89112909	2	SARL Roger Sportive	8 RUE GASTON MARCHOU, PAVILLON HAUSSMANN-APPT 28, Bordeaux, Gironde	0.9998823404312134	1	same
790464	near-threshold	S1-694293519	Roger Sportive SARL	8 RUE Gaston Marchou, pavillon Haussmann-appt 28, Bordeaux, Nouvelle-Aquitaine	S2-541729183	2	Roger Sportive SARL	8 RUE GASTON MARCHOU, BORDEAUX, Gironde	0.9972770810127258	1	same
790464	near-threshold	S1-694293519	Roger Sportive SARL	8 RUE Gaston Marchou, pavillon Haussmann-appt 28, Bordeaux, Nouvelle-Aquitaine	S2-947828168	2	Roger Spôrtive Holding SARL	17 R GASTON MARCHOU, PAVILLON HAUSSMANN-APPT 28, BORDEAUX, Nouvelle-Aquitaine	0.04548417776823044	0	different business / sibling cluster / other address (default)
790464	near-threshold	S1-694293519	Roger Sportive SARL	8 RUE Gaston Marchou, pavillon Haussmann-appt 28, Bordeaux, Nouvelle-Aquitaine	S2-245565217	2	ROGER SPORTIVE PARTICIPATIONS SARL	17 RUE GASON MARCHOU, PAVILLON HAUSSMANN-APPT 28, BORDEAUX, Nouvelle-Aquitaine	0.49477246403694153	0	Participations #17
790464	near-threshold	S1-694293519	Roger Sportive SARL	8 RUE Gaston Marchou, pavillon Haussmann-appt 28, Bordeaux, Nouvelle-Aquitaine	S2-95697660	2	ROGER SPÔRTIVE SARL	BORDEAUX, 8 R. GASTON MARCHOU, Gironde	0.9987350106239319	1	same
790464	near-threshold	S1-694293519	Roger Sportive SARL	8 RUE Gaston Marchou, pavillon Haussmann-appt 28, Bordeaux, Nouvelle-Aquitaine	S2-522193596	2	bordeauxamissarl.com	8 RUE GASTON MARCHOU, PAVILLON HAUSSMANN-APPT 28, BORDEAUX	0.02876429073512554	0	different business / sibling cluster / other address (default)
790464	near-threshold	S1-694293519	Roger Sportive SARL	8 RUE Gaston Marchou, pavillon Haussmann-appt 28, Bordeaux, Nouvelle-Aquitaine	S3-654428245	3	bordeauxamissarl.com	8 R Gaston Marchou, Pavillon Haussmann-appt 28, Bordeaux, Nouvelle-Aquitaine	0.1056128516793251	0	different business / sibling cluster / other address (default)
790464	near-threshold	S1-694293519	Roger Sportive SARL	8 RUE Gaston Marchou, pavillon Haussmann-appt 28, Bordeaux, Nouvelle-Aquitaine	S3-637821940	3	HEX  Club	8 Rue Gaston Marchou, Pavillon Haussmann - Appt 28, Bordeaux, Nouvelle-Aquitaine	0.00010104877583216876	0	different business / sibling cluster / other address (default)
790464	near-threshold	S1-694293519	Roger Sportive SARL	8 RUE Gaston Marchou, pavillon Haussmann-appt 28, Bordeaux, Nouvelle-Aquitaine	S3-986005431	3	Roger SARL Sportive	8 R. Gaston Marcou, Pavillon Haussmann-appt 28, Bordeaux	0.9985837936401367	1	same, street typo
790464	near-threshold	S1-694293519	Roger Sportive SARL	8 RUE Gaston Marchou, pavillon Haussmann-appt 28, Bordeaux, Nouvelle-Aquitaine	S3-362767491	3	Roger Sportive SCI	17 R. Gaston Marchou, Pavillon Haussmann-appt 28, Bordeaux, Nouvelle-Aquitaine	0.8810396194458008	0	#17 cluster (Holding/Participations)
790464	near-threshold	S1-694293519	Roger Sportive SARL	8 RUE Gaston Marchou, pavillon Haussmann-appt 28, Bordeaux, Nouvelle-Aquitaine	S3-435758904	3	Bordeaux Amis SARL	8 Rue Gaston Marchou, Pavillon Haussmann-appt 28, Bordeaux, Nouvelle-Aquitaine		0	different business / sibling cluster / other address (default)
790464	near-threshold	S1-694293519	Roger Sportive SARL	8 RUE Gaston Marchou, pavillon Haussmann-appt 28, Bordeaux, Nouvelle-Aquitaine	S3-238130407	3	Bordeaux Elementaire SARL	17 Rue Gaston Marchou, Pavillon Haussmann-appt 28, Bordeaux, Gironde		0	different business / sibling cluster / other address (default)
1693300	near-threshold	S1-53563536	Picarde Anciens SAS	17 Rue du Pradinat, Mérignac, Nouvelle-Aquitaine	S2-815430156	2	picardeancienssas.com	086 R DU PRADINAT, MERIGNAC	0.8583546280860901	?	domain-style name at #86
1693300	near-threshold	S1-53563536	Picarde Anciens SAS	17 Rue du Pradinat, Mérignac, Nouvelle-Aquitaine	S2-977527884	2	Picarde Anciens	MÉRIGNAC, 17 RUE DU PRCDINAT, Nouvelle-Aquitaine	0.9999393224716187	1	same, street typo
1693300	near-threshold	S1-53563536	Picarde Anciens SAS	17 Rue du Pradinat, Mérignac, Nouvelle-Aquitaine	S2-680969435	2	Picarde  Anciens SA	Nº 38 R DU PRADINAT, MERIGNAC, Gironde	0.32248884439468384	0	#38 cluster
1693300	near-threshold	S1-53563536	Picarde Anciens SAS	17 Rue du Pradinat, Mérignac, Nouvelle-Aquitaine	S3-179398394	3	SAS Picarde Amis	38 Rue Du Pradinat, Mérignac	0.6914539933204651	0	#38 cluster, Amis
1693300	near-threshold	S1-53563536	Picarde Anciens SAS	17 Rue du Pradinat, Mérignac, Nouvelle-Aquitaine	S3-781973929	3	Picarde Anciens (SAS)	17 R Du Pradinat, Merignac, Nouvelle-Aquitaine	0.9999864101409912	1	same
1693300	near-threshold	S1-53563536	Picarde Anciens SAS	17 Rue du Pradinat, Mérignac, Nouvelle-Aquitaine	S2-187497194	2	Picarde & Frères SAS			0	different business / sibling cluster / other address (default)
1693300	near-threshold	S1-53563536	Picarde Anciens SAS	17 Rue du Pradinat, Mérignac, Nouvelle-Aquitaine	S3-948363506	3	Picarde  Union SA	9 R. Des Lilas, Lège Cap Ferret, Gironde		0	different business / sibling cluster / other address (default)
1693300	near-threshold	S1-53563536	Picarde Anciens SAS	17 Rue du Pradinat, Mérignac, Nouvelle-Aquitaine	S3-647032984	3	Picarde Danse SARL	29 Rue De La Marne, Pessac, Gironde		0	different business / sibling cluster / other address (default)
1693300	near-threshold	S1-53563536	Picarde Anciens SAS	17 Rue du Pradinat, Mérignac, Nouvelle-Aquitaine	S3-440893472	3	Picarde Union SA	Lege-cap-ferret, 9 Rue Des Lilas, Gironde		0	different business / sibling cluster / other address (default)
335853	near-threshold	S1-575546322	Personnel Club	1 La Cochardière, Pornic, Pays de la Loire	S2-203965507	2	Personnel  Club International	14 LA COCHARDIERE, PORNIC, Pays de la Loire	1.1900721801794134e-05	0	International #14
335853	near-threshold	S1-575546322	Personnel Club	1 La Cochardière, Pornic, Pays de la Loire	S2-718543017	2	PERSONNEL CLUB	LA COCHARDIÈRE, PORNIC	0.9995996356010437	1	same, no number
335853	near-threshold	S1-575546322	Personnel Club	1 La Cochardière, Pornic, Pays de la Loire	S2-546780087	2	Personnel  Club SNC	14 LA COCHARDIÈRE, PORNIC, Pays de la Loire	0.060330696403980255	0	#14 cluster SNC
335853	near-threshold	S1-575546322	Personnel Club	1 La Cochardière, Pornic, Pays de la Loire	S3-545181918	3	Personnel Groupe	1 La Cochardière, Pornic	0.3679187595844269	?	same address, Club->Groupe
335853	near-threshold	S1-575546322	Personnel Club	1 La Cochardière, Pornic, Pays de la Loire	S3-579233180	3	Personnel	14 Rue Pierre Fleury, Pornic, Pays de la Loire	0.03992447257041931	0	different business / sibling cluster / other address (default)
335853	near-threshold	S1-575546322	Personnel Club	1 La Cochardière, Pornic, Pays de la Loire	S2-138145632	2	personnel club sas	53 RUE DE BEARN, MERIGNAC, Nouvelle-Aquitaine		0	different business / sibling cluster / other address (default)
335853	near-threshold	S1-575546322	Personnel Club	1 La Cochardière, Pornic, Pays de la Loire	S2-758496533	2	Personnel [Club]	Hauts-de-France, TOURCOING, RUE LA FONTAINE		0	different business / sibling cluster / other address (default)
335853	near-threshold	S1-575546322	Personnel Club	1 La Cochardière, Pornic, Pays de la Loire	S3-179513744	3	Personnel Club SAS	56 R. Maurice Berteaux, Lille, Nord		0	different business / sibling cluster / other address (default)
335853	near-threshold	S1-575546322	Personnel Club	1 La Cochardière, Pornic, Pays de la Loire	S2-53468422	2	Personnel Club Sàrl	5 ALLÉE DES ÉPIS, LA BAULE-ESCOUBLAC, Loire-Atlantique		0	different business / sibling cluster / other address (default)
1022853	near-threshold	S1-251949242	Bouliste Primaire	14 Avenue Pasteur, Saint-Herblain, Pays de la Loire	S2-792189055	2	Bouliste Amis	27 AVENUE PASTEUR, SAINT-HERBLAIN, Loire-Atlantique	0.0006185208912938833	0	different business / sibling cluster / other address (default)
1022853	near-threshold	S1-251949242	Bouliste Primaire	14 Avenue Pasteur, Saint-Herblain, Pays de la Loire	S2-865806468	2	boulisteprimaire.com	14 AVENUE PASTEUR, SAINT-HERBLAIN, Loire-Atlantique	0.9999821186065674	1	domain form of same name, same address
1022853	near-threshold	S1-251949242	Bouliste Primaire	14 Avenue Pasteur, Saint-Herblain, Pays de la Loire	S2-769593025	2	Bouliste  Fetes	14 AV PASTEUR, SAINT-HERBLAIN, Loire-Atlantique	0.04640321433544159	?	same address, Primaire->Fetes
1022853	near-threshold	S1-251949242	Bouliste Primaire	14 Avenue Pasteur, Saint-Herblain, Pays de la Loire	S3-276203327	3	Primaire  Paul	46 Ave Pasteur, St.-herblain	0.019018396735191345	0	different business / sibling cluster / other address (default)
1022853	near-threshold	S1-251949242	Bouliste Primaire	14 Avenue Pasteur, Saint-Herblain, Pays de la Loire	S3-909629909	3	Bouliste Développement	14 Avense Pasteur, Pays de la Loire, Saint-herblain	0.3678945302963257	?	same address, Primaire->Developpement
1022853	near-threshold	S1-251949242	Bouliste Primaire	14 Avenue Pasteur, Saint-Herblain, Pays de la Loire	S2-517136433	2	Bouliste Primaire	27 RUE DE L'AMIRAL COURBET, LILLE		0	different business / sibling cluster / other address (default)
1022853	near-threshold	S1-251949242	Bouliste Primaire	14 Avenue Pasteur, Saint-Herblain, Pays de la Loire	S2-530628584	2	BOULISTE PRIMAIRE S.A.R.L.	BORDEAUX, 14 R FERRÈRE, Nouvelle-Aquitaine		0	different business / sibling cluster / other address (default)
1022853	near-threshold	S1-251949242	Bouliste Primaire	14 Avenue Pasteur, Saint-Herblain, Pays de la Loire	S2-93121714	2	Bouliste Àmis SASU			0	different business / sibling cluster / other address (default)
1022853	near-threshold	S1-251949242	Bouliste Primaire	14 Avenue Pasteur, Saint-Herblain, Pays de la Loire	S2-998887107	2	BOULISTE-CLUB			0	different business / sibling cluster / other address (default)
1022853	near-threshold	S1-251949242	Bouliste Primaire	14 Avenue Pasteur, Saint-Herblain, Pays de la Loire	S3-832961476	3	bouliste pharmacie sasu			0	different business / sibling cluster / other address (default)
512193	near-threshold	S1-269916827	Lille Ecole SARL	8 Rue de Madringhem, Lille, Hauts-de-France	S2-639600242	2	Lille Ecole Groupe SARL	Hauts-de-France, 12 R DE MADRINGHEM, LILLE	0.407929390668869	0	Groupe #12
512193	near-threshold	S1-269916827	Lille Ecole SARL	8 Rue de Madringhem, Lille, Hauts-de-France	S2-144842315	2	LILLE CLIBMTSB	(41) R DE MADRINGHEM, LILLE, Nord	0.0017709587700664997	0	different business / sibling cluster / other address (default)
512193	near-threshold	S1-269916827	Lille Ecole SARL	8 Rue de Madringhem, Lille, Hauts-de-France	S2-165457809	2	Lille  Anciens SARL	LILLE, 18 R. DE MADRINGHEM, Nord	0.0030451847705990076	0	different business / sibling cluster / other address (default)
512193	near-threshold	S1-269916827	Lille Ecole SARL	8 Rue de Madringhem, Lille, Hauts-de-France	S3-83384938	3	Lille Ecole SARL	Lille, N°8 Rue De Madringhem	0.9997658133506775	1	same
512193	near-threshold	S1-269916827	Lille Ecole SARL	8 Rue de Madringhem, Lille, Hauts-de-France	S3-571705228	3	Viocalotavo a/k/a Lille Ecole SARL	8 Rue de Madringhem, Lille, Hauts-de-France	0.9998723268508911	1	a/k/a
512193	near-threshold	S1-269916827	Lille Ecole SARL	8 Rue de Madringhem, Lille, Hauts-de-France	S3-936003354	3	Lille Ecole	N°8 Rue De Madringhem, Lille	0.9990158081054688	1	same
512193	near-threshold	S1-269916827	Lille Ecole SARL	8 Rue de Madringhem, Lille, Hauts-de-France	S3-251653266	3	lille ecole sarl	N°8 R De Madringhem, Lille	0.9989681243896484	1	same
512193	near-threshold	S1-269916827	Lille Ecole SARL	8 Rue de Madringhem, Lille, Hauts-de-France	S3-783545221	3	Lille Ecole Participations SARL	12 Rue De Madringhem, Lille, Hauts-de-France	0.02655666135251522	0	Participations #12
512193	near-threshold	S1-269916827	Lille Ecole SARL	8 Rue de Madringhem, Lille, Hauts-de-France	S3-44659431	3	Lille Ecole SARL	N°8 Rue De Madringhem, Lille	0.9994014501571655	1	same
512193	near-threshold	S1-269916827	Lille Ecole SARL	8 Rue de Madringhem, Lille, Hauts-de-France	S3-395934345	3	Lille  Ecole EURL			?	no address, shared name
512193	near-threshold	S1-269916827	Lille Ecole SARL	8 Rue de Madringhem, Lille, Hauts-de-France	S2-164051190	2	Lille Club	(41) R DE MADRINGHEM, LILLE, Nord		0	different business / sibling cluster / other address (default)
385326	near-threshold	S1-7431609	Bordeaux Gestion SAS	22 Rue Raze, Bordeaux, Nouvelle-Aquitaine	S2-729434232	2	cliniquesanscom	32 RUE RAZE, BORDEAUX	0.0019717791583389044	0	different business / sibling cluster / other address (default)
385326	near-threshold	S1-7431609	Bordeaux Gestion SAS	22 Rue Raze, Bordeaux, Nouvelle-Aquitaine	S2-863341802	2	Bordeaux Gestion Sas	22 RUE RAZE, BORDEAUX, Gironde	0.9998190999031067	1	same
385326	near-threshold	S1-7431609	Bordeaux Gestion SAS	22 Rue Raze, Bordeaux, Nouvelle-Aquitaine	S2-654143839	2	Bordeaux  Gestion	22 RUE RAZE, BORDEAUX, Gironde	0.999819815158844	1	same
385326	near-threshold	S1-7431609	Bordeaux Gestion SAS	22 Rue Raze, Bordeaux, Nouvelle-Aquitaine	S3-218967406	3	Bordeaux Gestion	22 R. Raze, Bordeaux	0.9998444318771362	1	same
385326	near-threshold	S1-7431609	Bordeaux Gestion SAS	22 Rue Raze, Bordeaux, Nouvelle-Aquitaine	S3-298784130	3	Bordeaux  Gestion International SAS	24 R. Raze, Bordeaux	9.651362233853433e-06	0	International #24
385326	near-threshold	S1-7431609	Bordeaux Gestion SAS	22 Rue Raze, Bordeaux, Nouvelle-Aquitaine	S3-470052397	3	Gestion Bordeaux SA	24 Rue Raze, Bordeaux	0.000784447998739779	0	#24 cluster
385326	near-threshold	S1-7431609	Bordeaux Gestion SAS	22 Rue Raze, Bordeaux, Nouvelle-Aquitaine	S3-687803825	3	Bordeaux Gestion [S.A.S.]	22 R. Raez, Bordeaux	0.8546797037124634	1	same, street typo
385326	near-threshold	S1-7431609	Bordeaux Gestion SAS	22 Rue Raze, Bordeaux, Nouvelle-Aquitaine	S3-175557079	3	Bordeaux Gestion [SARL]	Nº 22 R. Docteur Bert, Bordeaux, Gironde		0	same number, different street
385326	near-threshold	S1-7431609	Bordeaux Gestion SAS	22 Rue Raze, Bordeaux, Nouvelle-Aquitaine	S2-243445482	2	Bordeaux Gestion	(10) R BIGOT, BORDEAUX, Nouvelle-Aquitaine		0	different business / sibling cluster / other address (default)
385326	near-threshold	S1-7431609	Bordeaux Gestion SAS	22 Rue Raze, Bordeaux, Nouvelle-Aquitaine	S2-897544948	2	Bordeaux Gestion SAS	34 R DES CARMES, BORDEAUX, Gironde		0	different business / sibling cluster / other address (default)
385326	near-threshold	S1-7431609	Bordeaux Gestion SAS	22 Rue Raze, Bordeaux, Nouvelle-Aquitaine	S3-30181307	3	Bordeaux Gestion EURL	5 Rue Des Carmes, Bordeaux		0	different business / sibling cluster / other address (default)
385326	near-threshold	S1-7431609	Bordeaux Gestion SAS	22 Rue Raze, Bordeaux, Nouvelle-Aquitaine	S3-450088954	3	Bordeaux Géstion EURL	5 R Des Carmes, Bordeaux		0	different business / sibling cluster / other address (default)
342700	near-threshold	S1-67719457	SN Gestion SARL	105 QUAI Lucien Lheureux, Calais, Hauts-de-France	S2-523172879	2	SN GËSTION SARL	105 - QUAI LUCIEN LHEUREUX, CALAIS	0.999915361404419	1	same
342700	near-threshold	S1-67719457	SN Gestion SARL	105 QUAI Lucien Lheureux, Calais, Hauts-de-France	S2-388299632	2	SN SARL + Associés	105 - QUAI LUCIEN LHEUREUX, CALAIS	0.6162199974060059	?	same address, Gestion dropped + Associes
342700	near-threshold	S1-67719457	SN Gestion SARL	105 QUAI Lucien Lheureux, Calais, Hauts-de-France	S3-974604565	3	maisondesant.com	105 Quai Lucien Lheureux, Calais, Hauts-de-France	0.09151619672775269	0	co-located different
342700	near-threshold	S1-67719457	SN Gestion SARL	105 QUAI Lucien Lheureux, Calais, Hauts-de-France	S3-632558922	3	SN Ecole SARL	N° 110 Quai Lucien Lheureux, Calais, Hauts-de-France	0.0014770642155781388	0	Ecole at #110 sibling
342700	near-threshold	S1-67719457	SN Gestion SARL	105 QUAI Lucien Lheureux, Calais, Hauts-de-France	S3-705646591	3	Maison de Santé du Locale	105 Quai Lucien Lheureux, Calais, Hauts-de-France		0	different business / sibling cluster / other address (default)
342700	near-threshold	S1-67719457	SN Gestion SARL	105 QUAI Lucien Lheureux, Calais, Hauts-de-France	S3-966416166	3	Maison De Santé Du Locale	105 Quai Lucien Lheureux, Calais, Hauts-de-France		0	different business / sibling cluster / other address (default)
342700	near-threshold	S1-67719457	SN Gestion SARL	105 QUAI Lucien Lheureux, Calais, Hauts-de-France	S2-764991377	2	MAISON DE SANTÉ DU [LOCALE]	105 QUAI LUCIEN LHEUREUX, CALAIS, Pas-de-Calais		0	different business / sibling cluster / other address (default)
342700	near-threshold	S1-67719457	SN Gestion SARL	105 QUAI Lucien Lheureux, Calais, Hauts-de-France	S3-23334113	3	Pharmacie du Locale	75, 105 Quai Lucien Lheureux, Calais, Pas-de-Calais		0	different business / sibling cluster / other address (default)
342700	near-threshold	S1-67719457	SN Gestion SARL	105 QUAI Lucien Lheureux, Calais, Hauts-de-France	S2-606234895	2	Maison de Santé  du Locale Holding	75, 105 QUAI LUCIEN LHEUREUX, CALAIS, Hauts-de-France		0	different business / sibling cluster / other address (default)
1513102	near-threshold	S1-936993722	Lille Club SARL	16 Rue de Lens, Hauts-de-France, Lille	S2-512542539	2	Lille Club Sarl	39 - R. DE LENS, Hauts-de-France, LILLE	0.7160422205924988	0	#39 cluster (other Lille Club)
1513102	near-threshold	S1-936993722	Lille Club SARL	16 Rue de Lens, Hauts-de-France, Lille	S2-341912092	2	Lille Club SA	(60) R. DE LENS, LILLE, Nord	0.000935750431381166	0	different business / sibling cluster / other address (default)
1513102	near-threshold	S1-936993722	Lille Club SARL	16 Rue de Lens, Hauts-de-France, Lille	S2-682308035	2	Lille Club (SAS)	47 R DE LENS, LILLE, Hauts-de-France	0.2333398312330246	0	different business / sibling cluster / other address (default)
1513102	near-threshold	S1-936993722	Lille Club SARL	16 Rue de Lens, Hauts-de-France, Lille	S2-154048205	2	Lille Club [SARL]	LILLE, 39 - RUE DE LENS, Hauts-de-France	0.870011568069458	0	#39 cluster
1513102	near-threshold	S1-936993722	Lille Club SARL	16 Rue de Lens, Hauts-de-France, Lille	S3-448921636	3	Lille SARL Cie	Lille, 16 Rue De Lens	0.9905451536178589	?	same address, Club dropped + Cie
1513102	near-threshold	S1-936993722	Lille Club SARL	16 Rue de Lens, Hauts-de-France, Lille	S3-468877163	3	Lille Club SARL	16 R De Lens, Lille	0.4212990403175354	1	same name, exact address
1513102	near-threshold	S1-936993722	Lille Club SARL	16 Rue de Lens, Hauts-de-France, Lille	S3-30591911	3	@Lilleclub	(47) Rue De Lens, Lille, Nord	0.002937107114121318	0	different business / sibling cluster / other address (default)
1513102	near-threshold	S1-936993722	Lille Club SARL	16 Rue de Lens, Hauts-de-France, Lille	S3-955723938	3	Lille Çlub SARL	16 Rue De Lens, Lille	0.537516713142395	1	same name, exact address
1513102	near-threshold	S1-936993722	Lille Club SARL	16 Rue de Lens, Hauts-de-France, Lille	S3-795679510	3	#lilleclub	29 Rue Vantroyen, Lille, Hauts-de-France	0.0012285033008083701	0	different business / sibling cluster / other address (default)
1513102	near-threshold	S1-936993722	Lille Club SARL	16 Rue de Lens, Hauts-de-France, Lille	S3-904483213	3	Lille  Club SAS	(47) Rue De Lens, Lille, Nord	9.488873911323026e-05	0	different business / sibling cluster / other address (default)
1513102	near-threshold	S1-936993722	Lille Club SARL	16 Rue de Lens, Hauts-de-France, Lille	S3-946748648	3	Lille Club SASU	90 R. De Lens, Lille, Nord	0.0005385648692026734	0	different business / sibling cluster / other address (default)
1513102	near-threshold	S1-936993722	Lille Club SARL	16 Rue de Lens, Hauts-de-France, Lille	S3-66568741	3	Lille  Club SASU	(60) Rue De Lens, Lille, Hauts-de-France	0.051850825548172	0	different business / sibling cluster / other address (default)
1513102	near-threshold	S1-936993722	Lille Club SARL	16 Rue de Lens, Hauts-de-France, Lille	S3-876650360	3	Lille Club	(47) R. De Lens, Lille, Nord	0.0002545218449085951	0	different business / sibling cluster / other address (default)
1513102	near-threshold	S1-936993722	Lille Club SARL	16 Rue de Lens, Hauts-de-France, Lille	S3-169524594	3	Lille Club SA	15 R De Lens, Lille, Hauts-de-France	0.0024600636679679155	0	different business / sibling cluster / other address (default)
1513102	near-threshold	S1-936993722	Lille Club SARL	16 Rue de Lens, Hauts-de-France, Lille	S3-603514733	3	lille club développement sarl	17 Rue De Lens, Lille, Nord	0.0008999418932944536	0	Developpement #17
1042497	near-threshold	S1-680277607	Juristes Federation (France) SA	95 Cours de l'Yser, Bordeaux, Nouvelle-Aquitaine	S2-686298816	2	Juristes Federation (France)  SA	# 95 CRS DE L'YSER, BORDEAUX, Nouvelle-Aquitaine	0.9999681711196899	1	same
1042497	near-threshold	S1-680277607	Juristes Federation (France) SA	95 Cours de l'Yser, Bordeaux, Nouvelle-Aquitaine	S2-301184518	2	EURL Juristes Federation (France)	102 COURS DE L'YSER, Bordeaux	0.6074572205543518	0	#102 cluster
1042497	near-threshold	S1-680277607	Juristes Federation (France) SA	95 Cours de l'Yser, Bordeaux, Nouvelle-Aquitaine	S2-732403093	2	Juristes Federation (France)	1 COURS DE L'YSER, BORDEAUX, Nouvelle-Aquitaine	0.9320536851882935	?	number 1 vs 95, single record
1042497	near-threshold	S1-680277607	Juristes Federation (France) SA	95 Cours de l'Yser, Bordeaux, Nouvelle-Aquitaine	S2-742156699	2	Comite Saint Ctre	# 95 COURS DE L'YSER, BORDEAUX, Nouvelle-Aquitaine	0.001187206362374127	0	different business / sibling cluster / other address (default)
1042497	near-threshold	S1-680277607	Juristes Federation (France) SA	95 Cours de l'Yser, Bordeaux, Nouvelle-Aquitaine	S2-487393262	2	Juristes Federation (France)  SA	# 95 COURS DE L'YSER, BORDEAUX, Nouvelle-Aquitaine	0.9999576807022095	1	same
1042497	near-threshold	S1-680277607	Juristes Federation (France) SA	95 Cours de l'Yser, Bordeaux, Nouvelle-Aquitaine	S3-536376220	3	Centre Jean	No 95 Crs De L'yser, Bordeaux, Nouvelle-Aquitaine	0.023299042135477066	0	different business / sibling cluster / other address (default)
1042497	near-threshold	S1-680277607	Juristes Federation (France) SA	95 Cours de l'Yser, Bordeaux, Nouvelle-Aquitaine	S3-618561676	3	Juristes France SAS et Fils	0121 Crs Sait-louis, Bordeaux, Nouvelle-Aquitaine	0.000244379072682932	0	different business / sibling cluster / other address (default)
1042497	near-threshold	S1-680277607	Juristes Federation (France) SA	95 Cours de l'Yser, Bordeaux, Nouvelle-Aquitaine	S3-492846019	3	Juristes Federation (France)  SCI	102 Cours De L'yser, Bordeaux, Nouvelle-Aquitaine	0.7086769938468933	0	#102 cluster
1042497	near-threshold	S1-680277607	Juristes Federation (France) SA	95 Cours de l'Yser, Bordeaux, Nouvelle-Aquitaine	S3-450400466	3	SAS Juristes Fèderation	0114 Crs Saint-louis, Bordeaux, Gironde		0	different business / sibling cluster / other address (default)
1042497	near-threshold	S1-680277607	Juristes Federation (France) SA	95 Cours de l'Yser, Bordeaux, Nouvelle-Aquitaine	S3-852834162	3	Juristes Federation	0114 Cours Saint-louis, Bordeaux, Gironde		0	different business / sibling cluster / other address (default)
1042497	near-threshold	S1-680277607	Juristes Federation (France) SA	95 Cours de l'Yser, Bordeaux, Nouvelle-Aquitaine	S2-586224186	2	juristes federation sas	114 CRS SINT-LOUIS, BORDEAUX, Gironde		0	different business / sibling cluster / other address (default)
1162288	near-threshold	S1-463725138	Skate Amicale SAS	31 Rue des Teinturiers, Mérignac, Nouvelle-Aquitaine	S2-441013148	2	SKATE FEDERATION SAS	40 R DES TEINUTRIERS, Nouvelle-Aquitaine, MERIGNAC	0.22757486999034882	0	Federation #40
1162288	near-threshold	S1-463725138	Skate Amicale SAS	31 Rue des Teinturiers, Mérignac, Nouvelle-Aquitaine	S2-604052980	2	SAS Skate Amicale	31 R DES TEINTURIERS, Mérignac, Gironde	0.9999929666519165	1	same
1162288	near-threshold	S1-463725138	Skate Amicale SAS	31 Rue des Teinturiers, Mérignac, Nouvelle-Aquitaine	S3-148971613	3	Skate Àmicale SAS	#31 Rue Des Teinturiers, Mérignac	0.9999954700469971	1	same
1162288	near-threshold	S1-463725138	Skate Amicale SAS	31 Rue des Teinturiers, Mérignac, Nouvelle-Aquitaine	S3-41230893	3	SAS Skate Amicale Développement	Mérignac, 40 Rue Des Teinturiers	0.026105890050530434	0	Developpement #40
1162288	near-threshold	S1-463725138	Skate Amicale SAS	31 Rue des Teinturiers, Mérignac, Nouvelle-Aquitaine	S3-299983094	3	Skate Amicale Participations	40 Rue Des Teinturiers, Merignac	0.3073887526988983	0	Participations #40
1162288	near-threshold	S1-463725138	Skate Amicale SAS	31 Rue des Teinturiers, Mérignac, Nouvelle-Aquitaine	S3-995061592	3	RNHN Cttlub SA	No. 12 R. Des Teinturiers, Mérignac	0.00015728741709608585	0	different business / sibling cluster / other address (default)
1162288	near-threshold	S1-463725138	Skate Amicale SAS	31 Rue des Teinturiers, Mérignac, Nouvelle-Aquitaine	S3-759167841	3	Skate Amicale SAS	Mérignac, #31 Rue Des Teinturiers	0.9999927282333374	1	same
1162288	near-threshold	S1-463725138	Skate Amicale SAS	31 Rue des Teinturiers, Mérignac, Nouvelle-Aquitaine	S2-541691521	2	Skate Lyçee SAS			0	different business / sibling cluster / other address (default)
1162288	near-threshold	S1-463725138	Skate Amicale SAS	31 Rue des Teinturiers, Mérignac, Nouvelle-Aquitaine	S3-682690596	3	Skate Lycee	Calais, Hauts-de-France		0	different business / sibling cluster / other address (default)
1162288	near-threshold	S1-463725138	Skate Amicale SAS	31 Rue des Teinturiers, Mérignac, Nouvelle-Aquitaine	S3-845718762	3	Skate Amis	3 R. De Larey, Nantes, Loire-Atlantique		0	different business / sibling cluster / other address (default)
1089860	near-threshold	S1-899848135	Versailles Accueil Primaire	3 Rue Beethoven, Calais, Hauts-de-France	S2-389754915	2	VERSAILLES ACCUEIL  ET FILS	3 RUE BEETHOVN, CALAIS, Pas-de-Calais	0.7599942088127136	?	same address, Primaire -> et Fils
1089860	near-threshold	S1-899848135	Versailles Accueil Primaire	3 Rue Beethoven, Calais, Hauts-de-France	S2-245253487	2	Versailles Àccueil Primaire	3 RUE BEETHOVEN, CALAIS, Pas-de-Calais	0.9999737739562988	1	same
1089860	near-threshold	S1-899848135	Versailles Accueil Primaire	3 Rue Beethoven, Calais, Hauts-de-France	S2-318989924	2	Versailles  Accueil Primaire	3 R. BEETHOIEN, CALAIS, Pas-de-Calais	0.999872088432312	1	same
1089860	near-threshold	S1-899848135	Versailles Accueil Primaire	3 Rue Beethoven, Calais, Hauts-de-France	S3-83901236	3	Versailles Accueil Primaire	3 Rue Bethoven, Calais	0.9999006986618042	1	same
1089860	near-threshold	S1-899848135	Versailles Accueil Primaire	3 Rue Beethoven, Calais, Hauts-de-France	S3-348423756	3	Versailles Accueil Prïmaire Distribution	8 Rue Beethoven, Calais	0.0009694789187051356	0	Distribution #8
1089860	near-threshold	S1-899848135	Versailles Accueil Primaire	3 Rue Beethoven, Calais, Hauts-de-France	S3-93559577	3	Versailles Accueil Groupe + (Associés)	8 R. Beethoven, Calais	0.000355807802407071	0	Groupe #8
1089860	near-threshold	S1-899848135	Versailles Accueil Primaire	3 Rue Beethoven, Calais, Hauts-de-France	S3-533786198	3	Versailles Club			0	different business / sibling cluster / other address (default)
1089860	near-threshold	S1-899848135	Versailles Accueil Primaire	3 Rue Beethoven, Calais, Hauts-de-France	S3-473793344	3	Versailles Collectif  SARL			0	different business / sibling cluster / other address (default)
1659006	near-threshold	S1-140903781	Institut de la Retraites	29 Rue de la Tullaye, Nantes, Pays de la Loire	S2-417623134	2	Institut de lâ Retraites	29 R. DE LA TULLAYE, NANTES	0.9998564720153809	1	same
1659006	near-threshold	S1-140903781	Institut de la Retraites	29 Rue de la Tullaye, Nantes, Pays de la Loire	S2-667049201	2	Institut de la Retraites Holding SCI	#30 RUE DE LA TULLAYE, NANTES	0.0031694797798991203	0	Holding #30
1659006	near-threshold	S1-140903781	Institut de la Retraites	29 Rue de la Tullaye, Nantes, Pays de la Loire	S3-867964348	3	Institut Rètraites	#8 Rue Francisque Poulbot, Saint-herblain, Loire-Atlantique	0.0091498838737607	0	different business / sibling cluster / other address (default)
1659006	near-threshold	S1-140903781	Institut de la Retraites	29 Rue de la Tullaye, Nantes, Pays de la Loire	S3-223951984	3	INSTITUT DE LA RETRAITES	29 R De La Tullaye, Nantes, Loire-Atlantique	0.999771773815155	1	same
1659006	near-threshold	S1-140903781	Institut de la Retraites	29 Rue de la Tullaye, Nantes, Pays de la Loire	S3-931459084	3	institut la de retraites		0.7503824830055237	1	same words reordered, no address, name unique
1659006	near-threshold	S1-140903781	Institut de la Retraites	29 Rue de la Tullaye, Nantes, Pays de la Loire	S3-372962597	3	Institut Retraites	13 R. Charles Lceocq, Merignac, Gironde		0	different business / sibling cluster / other address (default)
1659006	near-threshold	S1-140903781	Institut de la Retraites	29 Rue de la Tullaye, Nantes, Pays de la Loire	S2-6682761	2	Institut Retraites SCI	14 RUE CHARLES LCEOCQ, MÉRIGNAC		0	different business / sibling cluster / other address (default)
1659006	near-threshold	S1-140903781	Institut de la Retraites	29 Rue de la Tullaye, Nantes, Pays de la Loire	S2-42434712	2	Institut Retraites EURL	MÉRIGNAC, Gironde, 13 RUE CHARLES LECOCQ		0	different business / sibling cluster / other address (default)
166778	near-threshold	S1-655625152	École primaire du Jean	37 Rue Léo Lagrange, Roubaix, Hauts-de-France	S2-230237687	2	École primaire du Jëan	#37 RUE LÉO LAGRANGE, ROUBAIX, Hauts-de-France	0.9996963739395142	1	same
166778	near-threshold	S1-655625152	École primaire du Jean	37 Rue Léo Lagrange, Roubaix, Hauts-de-France	S2-129972689	2	École du-Jean France	#37 R. LÉO LAGRANGE, ROUBAIX, Hauts-de-France	0.366731196641922	?	same address, Primaire dropped + France
166778	near-threshold	S1-655625152	École primaire du Jean	37 Rue Léo Lagrange, Roubaix, Hauts-de-France	S3-647606073	3	école primaire du jean eurl	50 Rue Leo Lgarange, Roubaix, Nord	0.004284367896616459	?	number 50 vs 37, single
166778	near-threshold	S1-655625152	École primaire du Jean	37 Rue Léo Lagrange, Roubaix, Hauts-de-France	S3-627356028	3	école primaire du jean	37 R. Léo Lagrange, Roubaix	0.9997279047966003	1	same
166778	near-threshold	S1-655625152	École primaire du Jean	37 Rue Léo Lagrange, Roubaix, Hauts-de-France	S3-199187843	3	lillesoinscom	8 Rue Léo Lagrange, Lille, Hauts-de-France	0.0009521627798676491	0	different business / sibling cluster / other address (default)
166778	near-threshold	S1-655625152	École primaire du Jean	37 Rue Léo Lagrange, Roubaix, Hauts-de-France	S3-691438133	3	École primaire de Jean SA			?	no address, shared name
166778	near-threshold	S1-655625152	École primaire du Jean	37 Rue Léo Lagrange, Roubaix, Hauts-de-France	S3-497041678	3	école Primaire De La Jean	Lege-cap-ferret, Gironde, Avenue Du Moulin		0	different business / sibling cluster / other address (default)
166778	near-threshold	S1-655625152	École primaire du Jean	37 Rue Léo Lagrange, Roubaix, Hauts-de-France	S3-198384954	3	École primaire Jean  EURL			0	different business / sibling cluster / other address (default)
166778	near-threshold	S1-655625152	École primaire du Jean	37 Rue Léo Lagrange, Roubaix, Hauts-de-France	S2-22106521	2	École primaire Jean	3 R. DU PETIT BOIS, PESSAC, Nouvelle-Aquitaine		0	different business / sibling cluster / other address (default)
166778	near-threshold	S1-655625152	École primaire du Jean	37 Rue Léo Lagrange, Roubaix, Hauts-de-France	S3-16256108	3	Lille Sôins	8 R Léo Lagrange, Lille, Hauts-de-France		0	different business / sibling cluster / other address (default)
166778	near-threshold	S1-655625152	École primaire du Jean	37 Rue Léo Lagrange, Roubaix, Hauts-de-France	S3-793766527	3	Pessac  Sport	01 R Leo Lagrange, Pessac, Gironde		0	different business / sibling cluster / other address (default)
1426552	near-threshold	S1-263251728	Club de Curieux	Bordeaux, 102 COUR2 de lYser, Nouvelle-Aquitaine	S2-246231696	2	CLUB DE ÇURIEUX SAS	109 COUR2 DE LYER, BORDEAUX	0.613561749458313	0	#109 cluster
1426552	near-threshold	S1-263251728	Club de Curieux	Bordeaux, 102 COUR2 de lYser, Nouvelle-Aquitaine	S2-986641629	2	Club de Curieux	N°102 COUR2 DE LYSER, BORDEAUX, Gironde	0.9999513626098633	1	same
1426552	near-threshold	S1-263251728	Club de Curieux	Bordeaux, 102 COUR2 de lYser, Nouvelle-Aquitaine	S2-571510592	2	Club de Curieux	N°102 COUR2 DE LYSER, BORDEAUX, Gironde	0.9999018907546997	1	same
1426552	near-threshold	S1-263251728	Club de Curieux	Bordeaux, 102 COUR2 de lYser, Nouvelle-Aquitaine	S3-847156578	3	Club Curieux de	No. 102 Cour2 De Lyser, Bordeaux, Nouvelle-Aquitaine	0.9999833106994629	1	same, reordered
1426552	near-threshold	S1-263251728	Club de Curieux	Bordeaux, 102 COUR2 de lYser, Nouvelle-Aquitaine	S3-720026597	3	Club de Curieux Sarl	109 Cour2 De Lyser, Bordeaux, Nouvelle-Aquitaine	0.4240548014640808	0	#109 cluster
1426552	near-threshold	S1-263251728	Club de Curieux	Bordeaux, 102 COUR2 de lYser, Nouvelle-Aquitaine	S3-415905583	3	Club de Curieux France SASU	109 Cour2 De Lyser, Nouvelle-Aquitaine, Bordeaux	0.39047664403915405	0	France #109
1426552	near-threshold	S1-263251728	Club de Curieux	Bordeaux, 102 COUR2 de lYser, Nouvelle-Aquitaine	S3-993078741	3	Curieux Culture (France)	Lille		0	different business / sibling cluster / other address (default)
1426552	near-threshold	S1-263251728	Club de Curieux	Bordeaux, 102 COUR2 de lYser, Nouvelle-Aquitaine	S3-127649932	3	Curieux Culture (France)	Lille		0	different business / sibling cluster / other address (default)
564988	near-threshold	S1-12408843	Corp Artisans Comite SARL	10 Rue André Bac, Bordeaux, Nouvelle-Aquitaine	S2-836493293	2	CORP ARTISANS  COMITE	NO 10 R ANDRÉ BAC, BORDEAUX	0.9988110065460205	1	same
564988	near-threshold	S1-12408843	Corp Artisans Comite SARL	10 Rue André Bac, Bordeaux, Nouvelle-Aquitaine	S2-359447420	2	Corp Artisans Comite Sarl	NO 10 RUE ANDRE BAC, BORDEAUX	0.9995779395103455	1	same
564988	near-threshold	S1-12408843	Corp Artisans Comite SARL	10 Rue André Bac, Bordeaux, Nouvelle-Aquitaine	S3-488098889	3	Corp Artisans Comite SARL	10 R. André Bac, Bordeaux	0.9996527433395386	1	same
564988	near-threshold	S1-12408843	Corp Artisans Comite SARL	10 Rue André Bac, Bordeaux, Nouvelle-Aquitaine	S3-71884781	3	SARL Corp Artisans Centre	11 R. André Bac, Bordeaux	0.3242521584033966	0	#11 cluster
564988	near-threshold	S1-12408843	Corp Artisans Comite SARL	10 Rue André Bac, Bordeaux, Nouvelle-Aquitaine	S3-243335924	3	Corp Artisans Fetes SARL	11 R. Adré Bac, Bordeaux	0.09374016523361206	0	#11 cluster
564988	near-threshold	S1-12408843	Corp Artisans Comite SARL	10 Rue André Bac, Bordeaux, Nouvelle-Aquitaine	S3-134001133	3	Artisans  Comite SARL		0.10172313451766968	?	no address, Corp dropped, shared name
564988	near-threshold	S1-12408843	Corp Artisans Comite SARL	10 Rue André Bac, Bordeaux, Nouvelle-Aquitaine	S3-941969441	3	Corp Artisans SARL Comite	10 Rue André Bac, Bordeaux	0.9997219443321228	1	same
564988	near-threshold	S1-12408843	Corp Artisans Comite SARL	10 Rue André Bac, Bordeaux, Nouvelle-Aquitaine	S3-187336035	3	artisans comite eurl		0.051839932799339294	?	no address, shared name
564988	near-threshold	S1-12408843	Corp Artisans Comite SARL	10 Rue André Bac, Bordeaux, Nouvelle-Aquitaine	S2-816112369	2	Artisans  Comite SAS	1 AVENUE DES LILAS, LA BAULE-ESCOUBLAC, Loire-Atlantique		0	different business / sibling cluster / other address (default)
564988	near-threshold	S1-12408843	Corp Artisans Comite SARL	10 Rue André Bac, Bordeaux, Nouvelle-Aquitaine	S3-786794058	3	Artisans Comite Sàrl	46 Rue De Bel Air, Nantes, Pays de la Loire		0	different business / sibling cluster / other address (default)
1081192	near-threshold	S1-604742619	Coup Comite	7 Rue Osmin Dupuy, La Teste-de-Buch, Nouvelle-Aquitaine	S2-945935478	2	Coup Comite SCI	28 R. DES MNUTS, BORDEAUX, Gironde	0.0003592778812162578	0	different business / sibling cluster / other address (default)
1081192	near-threshold	S1-604742619	Coup Comite	7 Rue Osmin Dupuy, La Teste-de-Buch, Nouvelle-Aquitaine	S2-453952569	2	Coup Section	11 RUE OSMIN DUPUY, LA TESTE-DE-BUCH, Nouvelle-Aquitaine	0.36097779870033264	0	#11 cluster
1081192	near-threshold	S1-604742619	Coup Comite	7 Rue Osmin Dupuy, La Teste-de-Buch, Nouvelle-Aquitaine	S2-740142090	2	Coup  Comite SA	7 RUE OSMIN DUPUY, LA TESTE-DE-BUCH	0.9991546869277954	1	same
1081192	near-threshold	S1-604742619	Coup Comite	7 Rue Osmin Dupuy, La Teste-de-Buch, Nouvelle-Aquitaine	S3-923198431	3	Coup  Comite France	11 Rue Osmin Dupoy, La Teste De Buch	0.6811661124229431	0	France #11
1081192	near-threshold	S1-604742619	Coup Comite	7 Rue Osmin Dupuy, La Teste-de-Buch, Nouvelle-Aquitaine	S3-18096396	3	Coup Comite	#7 R Osmin Dupuy, La Teste-de-buch, Gironde	0.9998995065689087	1	same
1081192	near-threshold	S1-604742619	Coup Comite	7 Rue Osmin Dupuy, La Teste-de-Buch, Nouvelle-Aquitaine	S3-48271022	3	Coup Comite SARL	11 R Osmin Dupuy, La Teste-de-buch	0.4791342616081238	0	#11 cluster
1081192	near-threshold	S1-604742619	Coup Comite	7 Rue Osmin Dupuy, La Teste-de-Buch, Nouvelle-Aquitaine	S3-613486408	3	coup comite sasu		0.05331384018063545	?	no address, shared name
1081192	near-threshold	S1-604742619	Coup Comite	7 Rue Osmin Dupuy, La Teste-de-Buch, Nouvelle-Aquitaine	S3-711981208	3	Coup Comite SAS		0.05772588402032852	?	no address, shared name
1081192	near-threshold	S1-604742619	Coup Comite	7 Rue Osmin Dupuy, La Teste-de-Buch, Nouvelle-Aquitaine	S3-78659931	3	Coup Comite [SASU]	Boulevard De Linz, Pornic, Pays de la Loire		0	different business / sibling cluster / other address (default)
1081192	near-threshold	S1-604742619	Coup Comite	7 Rue Osmin Dupuy, La Teste-de-Buch, Nouvelle-Aquitaine	S3-772819607	3	Coup Comite	51 Boulevard Jules Verne, Nantes		0	different business / sibling cluster / other address (default)
1064795	near-threshold	S1-843781637	Dunkerque Élémentaire	27 avenue des Bains, Dunkerque, Hauts-de-France	S2-751692415	2	Dunkerque Élémentaire	DUNKERQUE, Hauts-de-France	0.43271127343177795	?	city-only address, shared name
1064795	near-threshold	S1-843781637	Dunkerque Élémentaire	27 avenue des Bains, Dunkerque, Hauts-de-France	S2-576571240	2	Dunkerque Élémentaire SARL	27 AVENUE DES BAINS, DUNKERQUE, Hauts-de-France	0.9954220652580261	1	same
1064795	near-threshold	S1-843781637	Dunkerque Élémentaire	27 avenue des Bains, Dunkerque, Hauts-de-France	S2-480912788	2	Dunkerque Élémentaire	DUNKERQUE, Hauts-de-France	0.5635871291160583	?	city-only address, shared name
1064795	near-threshold	S1-843781637	Dunkerque Élémentaire	27 avenue des Bains, Dunkerque, Hauts-de-France	S3-682240584	3	Dunkerque Élémentaire Sarl		0.003989599645137787	?	no address, shared name
1064795	near-threshold	S1-843781637	Dunkerque Élémentaire	27 avenue des Bains, Dunkerque, Hauts-de-France	S3-371749567	3	Dunkerque Loisirs	24, 27 Avenue Des Bains, Dunkerque, Nord	0.023661751300096512	0	different business / sibling cluster / other address (default)
1064795	near-threshold	S1-843781637	Dunkerque Élémentaire	27 avenue des Bains, Dunkerque, Hauts-de-France	S3-94480511	3	Dunkerque élémentaire	27 Avenue Des Bains, Dunkerque	0.9998822212219238	1	same
1064795	near-threshold	S1-843781637	Dunkerque Élémentaire	27 avenue des Bains, Dunkerque, Hauts-de-France	S3-528175547	3	Dunkerque (élémentaire)	8 R Gambetta, Dunkerque, Hauts-de-France		0	different business / sibling cluster / other address (default)
1064795	near-threshold	S1-843781637	Dunkerque Élémentaire	27 avenue des Bains, Dunkerque, Hauts-de-France	S3-197157	3	SARL Dunkerque Élémentaire	Nº 16 R. Du Parc, Dunkerque, Nord		0	different business / sibling cluster / other address (default)
1064795	near-threshold	S1-843781637	Dunkerque Élémentaire	27 avenue des Bains, Dunkerque, Hauts-de-France	S2-694315749	2	DUNKERQUE  [ÉLÉMENTAIRE]	(6) R. JULES FERRY, Hauts-de-France, DUNKERQUE		0	different business / sibling cluster / other address (default)
522112	near-threshold	S1-195188168	Dinteret Club SAS	59 a Rue Gaston de Foix, La Teste-de-Buch, Nouvelle-Aquitaine	S2-63683909	2	DINTERET CLUB GROUPE SAS	Nouvelle-Aquitaine, 70 A R. GASTON DE FOIX, LA TESTE-DE-BUCH	0.001011283602565527	0	Groupe #70A
522112	near-threshold	S1-195188168	Dinteret Club SAS	59 a Rue Gaston de Foix, La Teste-de-Buch, Nouvelle-Aquitaine	S2-224670678	2	Dinteret SAS Groupe	LA TESTE-DE-BUCH, 59 A R. GASTON DE FOIX	0.0031146041583269835	?	same address, Club -> Groupe
522112	near-threshold	S1-195188168	Dinteret Club SAS	59 a Rue Gaston de Foix, La Teste-de-Buch, Nouvelle-Aquitaine	S2-962293197	2	Dinteret SA Club		0.029509680345654488	?	no address, shared name
522112	near-threshold	S1-195188168	Dinteret Club SAS	59 a Rue Gaston de Foix, La Teste-de-Buch, Nouvelle-Aquitaine	S3-438275467	3	Dinteret Club SAS	59 A Rue Gaston De Fix, La Teste-de-buch, Nouvelle-Aquitaine	0.9992268085479736	1	same, street typo
522112	near-threshold	S1-195188168	Dinteret Club SAS	59 a Rue Gaston de Foix, La Teste-de-Buch, Nouvelle-Aquitaine	S3-826490212	3	Dinteret Club France SAS	70a Rue Gaston De Foix, La Teste-de-buch	0.5609302520751953	0	France #70A
522112	near-threshold	S1-195188168	Dinteret Club SAS	59 a Rue Gaston de Foix, La Teste-de-Buch, Nouvelle-Aquitaine	S3-658118294	3	dinteretclubsas.com	59 A R. Gaston De Foix, La Teste-de-buch, Nouvelle-Aquitaine	0.9999967813491821	1	domain form, same address
522112	near-threshold	S1-195188168	Dinteret Club SAS	59 a Rue Gaston de Foix, La Teste-de-Buch, Nouvelle-Aquitaine	S3-757737746	3	S.A.S Dinteret Club	59a Rue Gaston De Foix, La Teste-de-Buch, Nouvelle-Aquitaine	0.9143387079238892	1	same
522112	near-threshold	S1-195188168	Dinteret Club SAS	59 a Rue Gaston de Foix, La Teste-de-Buch, Nouvelle-Aquitaine	S3-143998277	3	Dinteret Çlub SARL	51 R. D'oran, Roubaix		0	different business / sibling cluster / other address (default)
522112	near-threshold	S1-195188168	Dinteret Club SAS	59 a Rue Gaston de Foix, La Teste-de-Buch, Nouvelle-Aquitaine	S3-962056513	3	Dinteret Club	51 Rue D'oran, Roubaix		0	different business / sibling cluster / other address (default)
522112	near-threshold	S1-195188168	Dinteret Club SAS	59 a Rue Gaston de Foix, La Teste-de-Buch, Nouvelle-Aquitaine	S2-559329169	2	Dinteret Club Sarl	#51 RUE D'ORAN, ROUBAIX, Hauts-de-France		0	different business / sibling cluster / other address (default)
522112	near-threshold	S1-195188168	Dinteret Club SAS	59 a Rue Gaston de Foix, La Teste-de-Buch, Nouvelle-Aquitaine	S3-233893547	3	Dinteret Club	17 Rue de Suède, Lille, Hauts-de-France		0	different business / sibling cluster / other address (default)
522112	near-threshold	S1-195188168	Dinteret Club SAS	59 a Rue Gaston de Foix, La Teste-de-Buch, Nouvelle-Aquitaine	S2-407104387	2	Dinteret Club SAS	24 RUE SAINT VINCENT, NANTES, Pays de la Loire		0	different business / sibling cluster / other address (default)
522112	near-threshold	S1-195188168	Dinteret Club SAS	59 a Rue Gaston de Foix, La Teste-de-Buch, Nouvelle-Aquitaine	S2-541092985	2	sarl dinteret club	2 R MONTESQUIEU, Bordeaux		0	different business / sibling cluster / other address (default)
1719293	near-threshold	S1-102213673	EHPAD Pierre	20 bis Boulevard de l'Océan, La Baule-Escoublac, Pays de la Loire	S2-695538265	2	EHPAD Pierre	20 BIS BOULEVARD DE L'OCÉAN, LA BAULE-ESCOUBLAC, Loire-Atlantique	0.9997029900550842	1	same
1719293	near-threshold	S1-102213673	EHPAD Pierre	20 bis Boulevard de l'Océan, La Baule-Escoublac, Pays de la Loire	S2-367391700	2	Anciens Pierre	22 BIS BLDV DE L'OCEAN, LA BAULE-ESCOUBLAC	0.1265767514705658	0	different business / sibling cluster / other address (default)
1719293	near-threshold	S1-102213673	EHPAD Pierre	20 bis Boulevard de l'Océan, La Baule-Escoublac, Pays de la Loire	S2-427556853	2	EHPAD du Pierre		0.0032160195987671614	?	no address
1719293	near-threshold	S1-102213673	EHPAD Pierre	20 bis Boulevard de l'Océan, La Baule-Escoublac, Pays de la Loire	S3-83650199	3	EHPAD Pierre	20 Bis Blvd De L'océan, La Baule Escoublac, Loire-Atlantique	0.9995094537734985	1	same
1719293	near-threshold	S1-102213673	EHPAD Pierre	20 bis Boulevard de l'Océan, La Baule-Escoublac, Pays de la Loire	S3-736424629	3	EHPAD-Pierre	20bis Boulevard De L'océan, La Baule-escoublac, Loire-Atlantique	0.9925782084465027	1	same
1719293	near-threshold	S1-102213673	EHPAD Pierre	20 bis Boulevard de l'Océan, La Baule-Escoublac, Pays de la Loire	S3-175038966	3	EHPAD Peire  Groupe	22 B Boulvard De L'ocean, Pays de la Loire, La Baule-escoublac	0.6690223813056946	0	Groupe #22bis
1719293	near-threshold	S1-102213673	EHPAD Pierre	20 bis Boulevard de l'Océan, La Baule-Escoublac, Pays de la Loire	S3-969059388	3	Ehpad Pierre De			?	no address
1719293	near-threshold	S1-102213673	EHPAD Pierre	20 bis Boulevard de l'Océan, La Baule-Escoublac, Pays de la Loire	S2-542082003	2	EHPAD Pierre			?	no address, another EHPAD Pierre in Tourcoing
1719293	near-threshold	S1-102213673	EHPAD Pierre	20 bis Boulevard de l'Océan, La Baule-Escoublac, Pays de la Loire	S2-784846325	2	EHPAD Pierre	53 RUE DU BOIS, TOURCOING, Hauts-de-France		0	different business / sibling cluster / other address (default)
1719293	near-threshold	S1-102213673	EHPAD Pierre	20 bis Boulevard de l'Océan, La Baule-Escoublac, Pays de la Loire	S2-863039103	2	EHPAD Pïerre de	TOURCOING, RUE DE TOUL		0	different business / sibling cluster / other address (default)
671071	near-threshold	S1-921629286	Young Patrimoine	1 Rue d’Epinal, Calais, Hauts-de-France	S2-61276082	2	Young Patrimoine France	002 RUE D’EPIAL, CALAIS, Hauts-de-France	0.1606837660074234	0	France #2
671071	near-threshold	S1-921629286	Young Patrimoine	1 Rue d’Epinal, Calais, Hauts-de-France	S2-632999952	2	Young Patrimoine (France) SAS		0.00406947685405612	0	no address, matches the (France) entity in Bordeaux
671071	near-threshold	S1-921629286	Young Patrimoine	1 Rue d’Epinal, Calais, Hauts-de-France	S2-737209888	2	young patrimoine	1 RUE D’EPINAL, CALAIS	0.9999768733978271	1	same
671071	near-threshold	S1-921629286	Young Patrimoine	1 Rue d’Epinal, Calais, Hauts-de-France	S3-683838851	3	Young Patrimoine SAS	R. D’epinal, Calais	0.9997889399528503	1	same, no number
671071	near-threshold	S1-921629286	Young Patrimoine	1 Rue d’Epinal, Calais, Hauts-de-France	S3-396257522	3	Young Centre	Calais, 2 R. D’epinal, Pas-de-Calais	0.6221672296524048	0	#2 cluster
671071	near-threshold	S1-921629286	Young Patrimoine	1 Rue d’Epinal, Calais, Hauts-de-France	S3-830008544	3	Young  Patrimoine	Rue D’epinal, Calais	0.999972939491272	1	same, no number
671071	near-threshold	S1-921629286	Young Patrimoine	1 Rue d’Epinal, Calais, Hauts-de-France	S2-402511891	2	YOUNG PATRIMOINE (FRANCE)	0030 R. DU TAILLAN, BORDEAUX, Nouvelle-Aquitaine		0	different business / sibling cluster / other address (default)
671071	near-threshold	S1-921629286	Young Patrimoine	1 Rue d’Epinal, Calais, Hauts-de-France	S3-410983978	3	Young Patrimoine (France)	Rue Du Tailaln, Bordeaux, Nouvelle-Aquitaine		0	different business / sibling cluster / other address (default)
1186376	near-threshold	S1-442625418	Centre Médical Saint Sainte	5 Impasse des Perdrix, La Teste-de-Buch, Nouvelle-Aquitaine	S2-946792218	2	Societe Saainte Saint	05 IMPASSE DES PERDRIX, LA TESTE-DE-BUCH, Nouvelle-Aquitaine	0.5953238010406494	?	same address #05, Centre Medical -> Societe
1186376	near-threshold	S1-442625418	Centre Médical Saint Sainte	5 Impasse des Perdrix, La Teste-de-Buch, Nouvelle-Aquitaine	S2-764262417	2	Centre Médical Saint Sainte EURL		0.012691826559603214	?	no address, shared name
1186376	near-threshold	S1-442625418	Centre Médical Saint Sainte	5 Impasse des Perdrix, La Teste-de-Buch, Nouvelle-Aquitaine	S2-267587662	2	Centre Médical Saint  Sainte	IMP DES PERDRIX, LA TESTE-DE-BUCH, Nouvelle-Aquitaine	0.9999184608459473	1	same, no number
1186376	near-threshold	S1-442625418	Centre Médical Saint Sainte	5 Impasse des Perdrix, La Teste-de-Buch, Nouvelle-Aquitaine	S2-355712255	2	Centre Médical Saint Sainte SCI		0.015460453927516937	?	no address, shared name
1186376	near-threshold	S1-442625418	Centre Médical Saint Sainte	5 Impasse des Perdrix, La Teste-de-Buch, Nouvelle-Aquitaine	S2-616847722	2	Centre Médical St Sainte  SASU	7 IMPASSE DES PERDRIX, LA TESTE-DE-BUCH	0.005028528161346912	?	number 7 vs 5, single
1186376	near-threshold	S1-442625418	Centre Médical Saint Sainte	5 Impasse des Perdrix, La Teste-de-Buch, Nouvelle-Aquitaine	S2-890540001	2	centre médical saint sainte		0.04261685162782669	?	no address, shared name
1186376	near-threshold	S1-442625418	Centre Médical Saint Sainte	5 Impasse des Perdrix, La Teste-de-Buch, Nouvelle-Aquitaine	S3-685050107	3	Centre Médical Saint Anadtre	9 Impasse Des Resiniers, La Teste-de-buch, Nouvelle-Aquitaine	0.02811884507536888	0	different business / sibling cluster / other address (default)
1186376	near-threshold	S1-442625418	Centre Médical Saint Sainte	5 Impasse des Perdrix, La Teste-de-Buch, Nouvelle-Aquitaine	S3-934923027	3	Centre Médical Saint Sainte SARL	5 Impasse Des Perdrix, La Teste-de-buch, Nouvelle-Aquitaine	0.9957821369171143	1	same
1186376	near-threshold	S1-442625418	Centre Médical Saint Sainte	5 Impasse des Perdrix, La Teste-de-Buch, Nouvelle-Aquitaine	S3-102594438	3	Centre Médical Saint Sainte SARL	#13 Rue Paul Dukas, Merignac		0	different business / sibling cluster / other address (default)
1186376	near-threshold	S1-442625418	Centre Médical Saint Sainte	5 Impasse des Perdrix, La Teste-de-Buch, Nouvelle-Aquitaine	S3-596272319	3	Centre Médical Saint Sainte	#13 Rue Paul Dukas, Mérignac		0	different business / sibling cluster / other address (default)
1186376	near-threshold	S1-442625418	Centre Médical Saint Sainte	5 Impasse des Perdrix, La Teste-de-Buch, Nouvelle-Aquitaine	S2-417721647	2	Centre  Médical Saint-Sainte	61 R. DU FAUBOURG DE DOUAI, LILLE		0	different business / sibling cluster / other address (default)
1541015	near-threshold	S1-40564181	Institut de Riverains	20 Cours Barbey, Bordeaux, Nouvelle-Aquitaine	S2-417436140	2	Centre de Riverains	20 CRS BARBEY, BORDEAUX, Gironde	0.9474972486495972	?	same address, Institut -> Centre
1541015	near-threshold	S1-40564181	Institut de Riverains	20 Cours Barbey, Bordeaux, Nouvelle-Aquitaine	S2-876110236	2	Institut de Riverains SCI	29 CRS BARBEY, BORDEAUX	0.07816776633262634	0	#29 cluster
1541015	near-threshold	S1-40564181	Institut de Riverains	20 Cours Barbey, Bordeaux, Nouvelle-Aquitaine	S2-314936048	2	Institut dë Riverains Développement	29 CRS BARBEY, BORDEAUX	0.004665645305067301	0	Developpement #29
1541015	near-threshold	S1-40564181	Institut de Riverains	20 Cours Barbey, Bordeaux, Nouvelle-Aquitaine	S2-494380532	2	Institut  de Riverains	20 COURS BARBEY, BORDEAUX, Gironde	0.9999511241912842	1	same
1541015	near-threshold	S1-40564181	Institut de Riverains	20 Cours Barbey, Bordeaux, Nouvelle-Aquitaine	S2-374066476	2	oamis.com	10 COURS BARBEY, Bordeaux, Nouvelle-Aquitaine	0.5680162906646729	0	different business / sibling cluster / other address (default)
1541015	near-threshold	S1-40564181	Institut de Riverains	20 Cours Barbey, Bordeaux, Nouvelle-Aquitaine	S3-792003807	3	Institut de Riverains et [Associés]		0.9491115808486938	?	no address, + Associes
1541015	near-threshold	S1-40564181	Institut de Riverains	20 Cours Barbey, Bordeaux, Nouvelle-Aquitaine	S3-803308304	3	Riverains Auto			0	different business / sibling cluster / other address (default)
1541015	near-threshold	S1-40564181	Institut de Riverains	20 Cours Barbey, Bordeaux, Nouvelle-Aquitaine	S3-544292333	3	Riverains Union Sarl	23 R. Du Flot Moulin, Dunkerque, Hauts-de-France		0	different business / sibling cluster / other address (default)
1541015	near-threshold	S1-40564181	Institut de Riverains	20 Cours Barbey, Bordeaux, Nouvelle-Aquitaine	S2-642184070	2	Riverains Groupement	41 RUE PUGET, ROUBAIX, Nord		0	different business / sibling cluster / other address (default)
1635097	near-threshold	S1-846622642	La Teste-de-Buch Fetes SARL	68 Avenue des Ostréiculteurs, La Teste-de-Buch, Nouvelle-Aquitaine	S2-763824061	2	La Teste-de-Buch Fëtes Participations SARL	81 AV DES OSTRÉICULTEURS, LA TESTE-DE-BUCH, Gironde	5.512059578904882e-05	0	Participations #81
1635097	near-threshold	S1-846622642	La Teste-de-Buch Fetes SARL	68 Avenue des Ostréiculteurs, La Teste-de-Buch, Nouvelle-Aquitaine	S2-201625991	2	La Teste-de-Buch Fetes Sarl	0026 AV. DES PULVIERS, LA TESTE DE BUCH, Nouvelle-Aquitaine	0.6907395720481873	0	other street
1635097	near-threshold	S1-846622642	La Teste-de-Buch Fetes SARL	68 Avenue des Ostréiculteurs, La Teste-de-Buch, Nouvelle-Aquitaine	S2-579486683	2	LA TESTE-DE-BUCH SARL GROUPE	Gironde, 68 AV. DES OSTRÉICULTEURS, LA TESTE-DE-BUCH	0.06785833090543747	?	same address, Fetes -> Groupe
1635097	near-threshold	S1-846622642	La Teste-de-Buch Fetes SARL	68 Avenue des Ostréiculteurs, La Teste-de-Buch, Nouvelle-Aquitaine	S2-728086527	2	SARL La Teste-De-Buch Fetes International	81 AVE DES OSTRÉICULTEURS, La Teste-de-Buch, Gironde	1.3666884797203238e-06	0	International #81
1635097	near-threshold	S1-846622642	La Teste-de-Buch Fetes SARL	68 Avenue des Ostréiculteurs, La Teste-de-Buch, Nouvelle-Aquitaine	S2-461275323	2	LA TESTE-DE-BUCH FETES S.A.S	22 AVE DES ALIZNS, LA TESTE-DE-BUCH, Nouvelle-Aquitaine	0.011973332613706589	0	different business / sibling cluster / other address (default)
1635097	near-threshold	S1-846622642	La Teste-de-Buch Fetes SARL	68 Avenue des Ostréiculteurs, La Teste-de-Buch, Nouvelle-Aquitaine	S2-887753864	2	La Teste de Buch Fetes SARL		0.04698586091399193	?	no address, shared name
1635097	near-threshold	S1-846622642	La Teste-de-Buch Fetes SARL	68 Avenue des Ostréiculteurs, La Teste-de-Buch, Nouvelle-Aquitaine	S2-210117095	2	La Teste-de-Buch Fetes SARL	68 AVENUE DES OSTREICULTEURS, LA TESTE-DE-BUCH, Gironde	0.9999557733535767	1	same
1635097	near-threshold	S1-846622642	La Teste-de-Buch Fetes SARL	68 Avenue des Ostréiculteurs, La Teste-de-Buch, Nouvelle-Aquitaine	S3-949870446	3	La Teste-de-Buch Groupe SAS Services	15b Avenue Des Ostréiculteurs, La Teste-de-buch, Nouvelle-Aquitaine	0.03177458792924881	0	different business / sibling cluster / other address (default)
1635097	near-threshold	S1-846622642	La Teste-de-Buch Fetes SARL	68 Avenue des Ostréiculteurs, La Teste-de-Buch, Nouvelle-Aquitaine	S3-395760808	3	La Teste-de-Buch EURL Cie	Av. Des Ostréiculteurs, La Teste-de-buch, Nouvelle-Aquitaine	0.5409604907035828	?	same street no number, Fetes -> Cie
1635097	near-threshold	S1-846622642	La Teste-de-Buch Fetes SARL	68 Avenue des Ostréiculteurs, La Teste-de-Buch, Nouvelle-Aquitaine	S3-239642926	3	TF	# 68 Avenue Des Ostreiculteurs, La Teste-de-Buch, Nouvelle-Aquitaine	0.9973098039627075	1	acronym TF, exact address
1635097	near-threshold	S1-846622642	La Teste-de-Buch Fetes SARL	68 Avenue des Ostréiculteurs, La Teste-de-Buch, Nouvelle-Aquitaine	S3-235445437	3	La Teste-De-Buch Fetes Sarl		0.05912548303604126	?	no address, shared name
1635097	near-threshold	S1-846622642	La Teste-de-Buch Fetes SARL	68 Avenue des Ostréiculteurs, La Teste-de-Buch, Nouvelle-Aquitaine	S3-907195820	3	La Teste-de-Buch Fetes (SARL)	4 Av Des Chênes Verts Pyla, La Teste De Buch, Nouvelle-Aquitaine	0.00016554146714042872	0	different business / sibling cluster / other address (default)
1635097	near-threshold	S1-846622642	La Teste-de-Buch Fetes SARL	68 Avenue des Ostréiculteurs, La Teste-de-Buch, Nouvelle-Aquitaine	S2-18749489	2	La Teste-de-Buch Fetes SARL	47 RUE JEAN SAINT-MARC, LA TESTE-DE-BUCH, Gironde		0	different business / sibling cluster / other address (default)
1635097	near-threshold	S1-846622642	La Teste-de-Buch Fetes SARL	68 Avenue des Ostréiculteurs, La Teste-de-Buch, Nouvelle-Aquitaine	S3-890009367	3	SARL La Teste-de-Buch Fetes	47 R. Jean Saint-marc, La Teste-de-Buch		0	different business / sibling cluster / other address (default)
1635097	near-threshold	S1-846622642	La Teste-de-Buch Fetes SARL	68 Avenue des Ostréiculteurs, La Teste-de-Buch, Nouvelle-Aquitaine	S3-209727624	3	La Teste-De-Buch Fetes Eurl	8 Bd. De L’atlantique Pyla, La Teste-de-buch		0	different business / sibling cluster / other address (default)
593736	near-threshold	S1-526857226	Residents Culturel	10 RUE Etienne Dolet, Nantes, Pays de la Loire	S2-364009445	2	RESIDENTS CULTUREL	NANTES, 10 RUE ETIENNE DOLET, Loire-Atlantique	0.9999711513519287	1	same
593736	near-threshold	S1-526857226	Residents Culturel	10 RUE Etienne Dolet, Nantes, Pays de la Loire	S2-833708660	2	nantesbtpeurl.com	NANTES, 0019 RUE ETIENNE DOLET	0.31113481521606445	0	different business / sibling cluster / other address (default)
593736	near-threshold	S1-526857226	Residents Culturel	10 RUE Etienne Dolet, Nantes, Pays de la Loire	S3-564116696	3	Residents Culturel SAS	19 Rue Etienne Dolet, Nantes, Loire-Atlantique	0.24558304250240326	0	#19 cluster
593736	near-threshold	S1-526857226	Residents Culturel	10 RUE Etienne Dolet, Nantes, Pays de la Loire	S3-45747491	3	Residents Çulturel	10 R Etieene Dolet, Nantes, Pays de la Loire	0.9999339580535889	1	same
593736	near-threshold	S1-526857226	Residents Culturel	10 RUE Etienne Dolet, Nantes, Pays de la Loire	S3-101657615	3	Residents Culturel Développement	19 Rue Etienne Dolet, Nantes, Loire-Atlantique	0.021480677649378777	0	Developpement #19
593736	near-threshold	S1-526857226	Residents Culturel	10 RUE Etienne Dolet, Nantes, Pays de la Loire	S3-380720418	3	Residents Culturel	10 R. Etienne Dolet, Nantes, Pays de la Loire	0.9999970197677612	1	same
593736	near-threshold	S1-526857226	Residents Culturel	10 RUE Etienne Dolet, Nantes, Pays de la Loire	S2-693011909	2	Nantes Groupement SARL	23 RUE ETIENNE DOLET, NANTES, Loire-Atlantique		0	different business / sibling cluster / other address (default)
593736	near-threshold	S1-526857226	Residents Culturel	10 RUE Etienne Dolet, Nantes, Pays de la Loire	S3-68373022	3	Deleves Theatre Sarl	25 Rue Etienne Dolet, Nantes, Pays de la Loire		0	different business / sibling cluster / other address (default)
593736	near-threshold	S1-526857226	Residents Culturel	10 RUE Etienne Dolet, Nantes, Pays de la Loire	S2-457641091	2	Eleves Culturel	117 RUE ÉTIENNE DOLET, DUNKERQUE		0	different business / sibling cluster / other address (default)
890814	near-threshold	S1-210559661	Union de The	17 BD de Berlin, Nantes, Pays de la Loire	S2-732242853	2	Union de The (SARL)	17 BD DE BRLIN, NANTES	0.992323637008667	1	same
890814	near-threshold	S1-210559661	Union de The	17 BD de Berlin, Nantes, Pays de la Loire	S2-104267887	2	Union de The Groupe	22 BD DE BERLIN, NANTES	0.008349885232746601	0	Groupe #22
890814	near-threshold	S1-210559661	Union de The	17 BD de Berlin, Nantes, Pays de la Loire	S3-816113680	3	Union de Participations De1eves	33 Boulevard De Berlin, Nantes, Pays de la Loire	0.41012877225875854	0	different business / sibling cluster / other address (default)
890814	near-threshold	S1-210559661	Union de The	17 BD de Berlin, Nantes, Pays de la Loire	S3-63190031	3	Uin de (The)	17 Bd De Berlin, Nantes, Pays de la Loire	0.998630166053772	1	same, typo
890814	near-threshold	S1-210559661	Union de The	17 BD de Berlin, Nantes, Pays de la Loire	S3-736701797	3	Union De The (Sas)	17 Bd De Berlin, Nantes, Pays de la Loire	0.9995545744895935	1	same
890814	near-threshold	S1-210559661	Union de The	17 BD de Berlin, Nantes, Pays de la Loire	S3-47630443	3	Union	46 Rue Jean Moulin, Roubaix, Hauts-de-France		0	different business / sibling cluster / other address (default)
890814	near-threshold	S1-210559661	Union de The	17 BD de Berlin, Nantes, Pays de la Loire	S2-642787123	2	CO Union Sarl			0	different business / sibling cluster / other address (default)
890814	near-threshold	S1-210559661	Union de The	17 BD de Berlin, Nantes, Pays de la Loire	S3-253649214	3	Union	9 Rue de l'Ecole-Saint-Louis, Lille, Hauts-de-France		0	different business / sibling cluster / other address (default)
890814	near-threshold	S1-210559661	Union de The	17 BD de Berlin, Nantes, Pays de la Loire	S3-113183768	3	CO UNION SARL	Avenue Ouest, Lege-cap-ferret, Nouvelle-Aquitaine		0	different business / sibling cluster / other address (default)
890814	near-threshold	S1-210559661	Union de The	17 BD de Berlin, Nantes, Pays de la Loire	S2-290160191	2	PC Union SARL	38 RUE DU MINON, MÉRIGNAC, Gironde		0	different business / sibling cluster / other address (default)
890814	near-threshold	S1-210559661	Union de The	17 BD de Berlin, Nantes, Pays de la Loire	S2-464843036	2	Co Union Sarl	0017 AVE OUEST, LÈGE-CAP-FERRET		0	different business / sibling cluster / other address (default)
611941	near-threshold	S1-4273906	PE Pharmacie SA	10 Avenue Montesquieu, Mérignac, Nouvelle-Aquitaine	S2-321225638	2	PE PHARMACIE  S.A.	10 AVEUE MONTESQUIEU, MÉRIGNAC	0.9757888317108154	1	same
611941	near-threshold	S1-4273906	PE Pharmacie SA	10 Avenue Montesquieu, Mérignac, Nouvelle-Aquitaine	S2-650609717	2	PE Pharmacie Holding SA	31 AVENUE MONTESQUIEU, MERIGNAC, Gironde	1.9500446796882898e-05	0	Holding #31
611941	near-threshold	S1-4273906	PE Pharmacie SA	10 Avenue Montesquieu, Mérignac, Nouvelle-Aquitaine	S2-994145273	2	PE SA Développement	10 AV MONTESQUIEU, MÉRIGNAC	0.6922519207000732	?	same address, Pharmacie -> Developpement
611941	near-threshold	S1-4273906	PE Pharmacie SA	10 Avenue Montesquieu, Mérignac, Nouvelle-Aquitaine	S3-793020268	3	Pe Pharmacie Sa	Avenue Montesquieu, Merignac, Nouvelle-Aquitaine	0.999862790107727	1	same, no number
611941	near-threshold	S1-4273906	PE Pharmacie SA	10 Avenue Montesquieu, Mérignac, Nouvelle-Aquitaine	S3-155607400	3	PE Pharmacie SASU	#12 R Newton, Lille, Hauts-de-France		0	different business / sibling cluster / other address (default)
611941	near-threshold	S1-4273906	PE Pharmacie SA	10 Avenue Montesquieu, Mérignac, Nouvelle-Aquitaine	S3-958669367	3	PE Pharmacie	43 Rue Philippe De Girard, Lille, Nord		0	different business / sibling cluster / other address (default)
611941	near-threshold	S1-4273906	PE Pharmacie SA	10 Avenue Montesquieu, Mérignac, Nouvelle-Aquitaine	S2-391579450	2	PE Pharmacie SAS	43 RUE PHILIPPE DE GRIARD, LILLE, Hauts-de-France		0	different business / sibling cluster / other address (default)
611941	near-threshold	S1-4273906	PE Pharmacie SA	10 Avenue Montesquieu, Mérignac, Nouvelle-Aquitaine	S3-905240031	3	Lille Ecole SA	#17 Rue Montesquieu, Lille, Nord		0	different business / sibling cluster / other address (default)
1494983	near-threshold	S1-85696111	Familles Pharmacie SARL	5 ter Allee du Grand Ousteau, Lège-Cap-Ferret, Nouvelle-Aquitaine	S2-315069385	2	Familles Pharmacie Sarl		0.4132358431816101	?	no address, shared name
1494983	near-threshold	S1-85696111	Familles Pharmacie SARL	5 ter Allee du Grand Ousteau, Lège-Cap-Ferret, Nouvelle-Aquitaine	S2-778892579	2	Familles Comite	12 TER ALLEE DU GRAND OUSTEAU, LÈGE-CAP-FERRET, Nouvelle-Aquitaine	0.023881465196609497	0	#12ter cluster
1494983	near-threshold	S1-85696111	Familles Pharmacie SARL	5 ter Allee du Grand Ousteau, Lège-Cap-Ferret, Nouvelle-Aquitaine	S2-108189211	2	Familles Pharmacie Groupe S.A.R.L.	12 TER ALLEE DU GRAND OUSTEAU, LEGE-CAP-FERRET, Nouvelle-Aquitaine	0.7643632888793945	0	Groupe #12ter cluster
1494983	near-threshold	S1-85696111	Familles Pharmacie SARL	5 ter Allee du Grand Ousteau, Lège-Cap-Ferret, Nouvelle-Aquitaine	S3-599204872	3	familles & cie développement	74 Allee Du Grand Ousteau, Nouvelle-Aquitaine, Lège-cap-ferret	0.002642541192471981	0	different business / sibling cluster / other address (default)
1494983	near-threshold	S1-85696111	Familles Pharmacie SARL	5 ter Allee du Grand Ousteau, Lège-Cap-Ferret, Nouvelle-Aquitaine	S3-971159282	3	Familles Pharmacie France  SARL	Nouvelle-Aquitaine, Lège-cap-ferret, 12 Ter Allee Du Grand Ousteau	0.7915691137313843	0	France #12ter cluster
1494983	near-threshold	S1-85696111	Familles Pharmacie SARL	5 ter Allee du Grand Ousteau, Lège-Cap-Ferret, Nouvelle-Aquitaine	S2-458261002	2	Familles Pharmacie SAS	49 RUE MARÉCHAL GALLIENI, BORDEAUX		0	different business / sibling cluster / other address (default)
1494983	near-threshold	S1-85696111	Familles Pharmacie SARL	5 ter Allee du Grand Ousteau, Lège-Cap-Ferret, Nouvelle-Aquitaine	S2-459295934	2	FAMILLES PHARMACIE SARL	75 R DE METZ, TOURCOING, Nord		0	different business / sibling cluster / other address (default)
1494983	near-threshold	S1-85696111	Familles Pharmacie SARL	5 ter Allee du Grand Ousteau, Lège-Cap-Ferret, Nouvelle-Aquitaine	S3-282955605	3	Familles  Pharmacie SARL	75 R De Metz, Tourcoing		0	different business / sibling cluster / other address (default)
1494983	near-threshold	S1-85696111	Familles Pharmacie SARL	5 ter Allee du Grand Ousteau, Lège-Cap-Ferret, Nouvelle-Aquitaine	S2-7700061	2	SARL Familles Pharmacie	25 RUE DES MODELEURS, Lille, Hauts-de-France		0	different business / sibling cluster / other address (default)
1494983	near-threshold	S1-85696111	Familles Pharmacie SARL	5 ter Allee du Grand Ousteau, Lège-Cap-Ferret, Nouvelle-Aquitaine	S2-458419692	2	Familles Pharmacie SARL	70 RUE DU FOUR A CIAUX, CALAIS, Hauts-de-France		0	different business / sibling cluster / other address (default)
306052	near-threshold	S1-664922811	Autonomie & Frères SARL	7 Rue Georges Bizet, Saint-Nazaire, Pays de la Loire	S2-744746183	2	Autonomie & Frères Distribution SARL	9 R. GEROGES BIZET, ST-NAZAIRE, Pays de la Loire	0.010525589808821678	0	Distribution #9
306052	near-threshold	S1-664922811	Autonomie & Frères SARL	7 Rue Georges Bizet, Saint-Nazaire, Pays de la Loire	S2-28795907	2	AUTONOMIE + FRÈRES		0.5936569571495056	?	no address, another entity in Calais
306052	near-threshold	S1-664922811	Autonomie & Frères SARL	7 Rue Georges Bizet, Saint-Nazaire, Pays de la Loire	S2-807042264	2	Autonomie & Frères France S.A.R.L.	9 RUE GEORGES BIZET, SAINT-NAZAIRE, Pays de la Loire	0.4022603929042816	0	France #9
306052	near-threshold	S1-664922811	Autonomie & Frères SARL	7 Rue Georges Bizet, Saint-Nazaire, Pays de la Loire	S3-125222402	3	Autonomie & Frères  SARL	Loire-Atlantique, 7 Rue Gtorges Bizet, Saint-nazaire	0.9998093247413635	1	same
306052	near-threshold	S1-664922811	Autonomie & Frères SARL	7 Rue Georges Bizet, Saint-Nazaire, Pays de la Loire	S3-483799688	3	autonomie & frères sarl	7 R Georges Bizet, Saint-nazaire, Loire-Atlantique	0.9998759031295776	1	same
306052	near-threshold	S1-664922811	Autonomie & Frères SARL	7 Rue Georges Bizet, Saint-Nazaire, Pays de la Loire	S2-213325137	2	Autonomie & Frères SA	25 AV DU PRESIDENT WILSON, CALAIS		0	different business / sibling cluster / other address (default)
306052	near-threshold	S1-664922811	Autonomie & Frères SARL	7 Rue Georges Bizet, Saint-Nazaire, Pays de la Loire	S2-415060126	2	AUTONOMIE & FRÈRES SARL	1ER ETAGE, AV DU PRESIDENT WILSON, Pas-de-Calais, CALAIS		0	different business / sibling cluster / other address (default)
306052	near-threshold	S1-664922811	Autonomie & Frères SARL	7 Rue Georges Bizet, Saint-Nazaire, Pays de la Loire	S2-35026032	2	Autonomie-&  Frères SARL	AV DU PRESIDENT WILSON, 1ER ETAGE, CALAIS, Pas-de-Calais		0	different business / sibling cluster / other address (default)
917	near-threshold	S1-736800651	Quilles Amicale SARL	3 Place de la Nation, Roubaix, Hauts-de-France	S2-878149286	2	SARL Quilles Amicale France	5 PLAEC DE LA NATION, Roubaix	0.6059083342552185	0	France #5
917	near-threshold	S1-736800651	Quilles Amicale SARL	3 Place de la Nation, Roubaix, Hauts-de-France	S2-691762250	2	Quilles SARL Amicale	ROUBAIX, PACE DE LA NATION, Hauts-de-France	0.9993488192558289	1	same, no number
917	near-threshold	S1-736800651	Quilles Amicale SARL	3 Place de la Nation, Roubaix, Hauts-de-France	S2-101547600	2	Quilles Amicale Sarl	PLACE DE LA NATION, ROUBAIX, Hauts-de-France	0.9999632835388184	1	same, no number
917	near-threshold	S1-736800651	Quilles Amicale SARL	3 Place de la Nation, Roubaix, Hauts-de-France	S2-44235967	2	#quillesamicale	PLACE DE LA NATION, ROUBAIX, Hauts-de-France	0.9999920129776001	1	hashtag form, same place
917	near-threshold	S1-736800651	Quilles Amicale SARL	3 Place de la Nation, Roubaix, Hauts-de-France	S2-66043501	2	QUILLES ÀMICALE SARL		0.9823519587516785	?	no address, another Quilles Amicale in St-Nazaire
917	near-threshold	S1-736800651	Quilles Amicale SARL	3 Place de la Nation, Roubaix, Hauts-de-France	S3-409008807	3	Quilles Sportive	Nº 5 Place De La Nation, Roubaix, Hauts-de-France	0.1334913820028305	0	#5 cluster
917	near-threshold	S1-736800651	Quilles Amicale SARL	3 Place de la Nation, Roubaix, Hauts-de-France	S3-711655000	3	Quilles Amicale SARL	No. 3 Place De La Nation, Roubaix, Nord	0.9998646974563599	1	same
917	near-threshold	S1-736800651	Quilles Amicale SARL	3 Place de la Nation, Roubaix, Hauts-de-France	S3-858940626	3	Roubaix Societe  SARL	No. 3 Place De La Nation, Roubaix, Nord	0.0017143028089776635	0	co-located different
917	near-threshold	S1-736800651	Quilles Amicale SARL	3 Place de la Nation, Roubaix, Hauts-de-France	S3-24289626	3	Quilles Amicale SARL	162 Route De La Côte D'amour, St-nazaire		0	different business / sibling cluster / other address (default)
1406132	near-threshold	S1-936484906	Plaisir Union SARL	15 Rue Jean Sylvain Bailly, Saint-Nazaire, Pays de la Loire	S2-799790035	2	PLAISIRUNIONSARL.COM	15 RUE JAN SYLVAIN BAILLY, ST-NAZAIRE	0.9994695782661438	1	domain form
1406132	near-threshold	S1-936484906	Plaisir Union SARL	15 Rue Jean Sylvain Bailly, Saint-Nazaire, Pays de la Loire	S2-983986948	2	S.A.R.L. Plaisir Union	15 RUE JEAN SYLVAIN BAILLY, Saint-Nazaire	0.9986345171928406	1	same
1406132	near-threshold	S1-936484906	Plaisir Union SARL	15 Rue Jean Sylvain Bailly, Saint-Nazaire, Pays de la Loire	S3-866512547	3	Plaisir Union	15 Rue Jean Sylvain Bailly, Saint-nazaire	0.999955415725708	1	same
1406132	near-threshold	S1-936484906	Plaisir Union SARL	15 Rue Jean Sylvain Bailly, Saint-Nazaire, Pays de la Loire	S3-879567490	3	Plaisir Union  SARL	15 R Jean Sylvain Bailly, St-nazaire	0.9999316930770874	1	same
1406132	near-threshold	S1-936484906	Plaisir Union SARL	15 Rue Jean Sylvain Bailly, Saint-Nazaire, Pays de la Loire	S3-277122990	3	Sàrl Plaisir Sport	Pays de la Loire, Saint-Nazaire, 19 Rue Jean Sylvain Bailly	0.00021646541426889598	0	#19 other
1406132	near-threshold	S1-936484906	Plaisir Union SARL	15 Rue Jean Sylvain Bailly, Saint-Nazaire, Pays de la Loire	S3-304679665	3	Plaisir-Union SARL	15 Rue Jean Sylvain Bailly, Saint-nazaire	0.9999793767929077	1	same
1406132	near-threshold	S1-936484906	Plaisir Union SARL	15 Rue Jean Sylvain Bailly, Saint-Nazaire, Pays de la Loire	S3-676248887	3	Plaisir Danse SARL	15 R Jean Sylvain Bailly, St-nazaire	0.3757850229740143	?	same address, Union -> Danse
1406132	near-threshold	S1-936484906	Plaisir Union SARL	15 Rue Jean Sylvain Bailly, Saint-Nazaire, Pays de la Loire	S2-959085336	2	École primaire Sainte	Pays de la Loire, ST-NAZAIRE, RUE JEAN SYLVAIN BAILLY		0	different business / sibling cluster / other address (default)
1406132	near-threshold	S1-936484906	Plaisir Union SARL	15 Rue Jean Sylvain Bailly, Saint-Nazaire, Pays de la Loire	S3-948014293	3	Sapeurs Amicale SARL	22 R Jean Sylvain Bailly, St.-nazaire		0	different business / sibling cluster / other address (default)
243313	near-threshold	S1-787870523	Nantes Culture SA	Nantes, Pays de la Loire, 15 Route de Sainte Luce	S2-131445934	2	SA NANTES CULTURE INTERNATIONAL	# 36 RTE DE SAINTE LUCE, Nantes, Pays de la Loire	1.4984733525125193e-06	0	International #36
243313	near-threshold	S1-787870523	Nantes Culture SA	Nantes, Pays de la Loire, 15 Route de Sainte Luce	S2-478345350	2	nantes culture sa	15 ROUTE DE SAINTE LUCE, NANTES, Pays de la Loire	0.9998571872711182	1	same
243313	near-threshold	S1-787870523	Nantes Culture SA	Nantes, Pays de la Loire, 15 Route de Sainte Luce	S3-635248704	3	Nantesculture.Com	N°15 Route De Sainte Luce, Nantes, Loire-Atlantique	0.999795138835907	1	domain form
243313	near-threshold	S1-787870523	Nantes Culture SA	Nantes, Pays de la Loire, 15 Route de Sainte Luce	S3-625035309	3	Nantes Çulture SASU	15 R De Gbneve, Nantes, Pays de la Loire	0.7313998937606812	0	different street (Geneve)
243313	near-threshold	S1-787870523	Nantes Culture SA	Nantes, Pays de la Loire, 15 Route de Sainte Luce	S3-34196697	3	Nantes Culture	N°15 Route De Sainte Luce, Nantes, Loire-Atlantique	0.999002993106842	1	same
243313	near-threshold	S1-787870523	Nantes Culture SA	Nantes, Pays de la Loire, 15 Route de Sainte Luce	S3-282730433	3	Nantes Culture France SA	36 Route De Sainte Luce, Nantes, Pays de la Loire	5.235097341937944e-05	0	France #36 cluster
243313	near-threshold	S1-787870523	Nantes Culture SA	Nantes, Pays de la Loire, 15 Route de Sainte Luce	S3-926697884	3	Nantes Culture	N°15 Route De Sainte Luce, Nantes, Loire-Atlantique	0.9986907839775085	1	same
243313	near-threshold	S1-787870523	Nantes Culture SA	Nantes, Pays de la Loire, 15 Route de Sainte Luce	S3-409451002	3	NANTES CULTURE SARL & Co			?	no address, shared name
243313	near-threshold	S1-787870523	Nantes Culture SA	Nantes, Pays de la Loire, 15 Route de Sainte Luce	S3-343272241	3	Nantes Culture SAS	27 Rue De Pessac, Nantes, Pays de la Loire		0	different business / sibling cluster / other address (default)
243313	near-threshold	S1-787870523	Nantes Culture SA	Nantes, Pays de la Loire, 15 Route de Sainte Luce	S2-910014745	2	Nantes Çulture SARL			?	no address, shared name
243313	near-threshold	S1-787870523	Nantes Culture SA	Nantes, Pays de la Loire, 15 Route de Sainte Luce	S2-20898031	2	nantes culture sasu	Pays de la Loire, 67 RTE DE SAINTE LUCE SUR LOIRE, NANTES		0	#67 other entity
129522	high-confidence only	S1-104377725	Francaise Club SARL	46 Rue de la Paix et des Arts, Saint-Nazaire, Pays de la Loire	S2-862469416	2	Francaise Club SARL	N°46 R DE LA PAIX ET DES ARTS, SAINT-NAZAIRE	0.9993257522583008	1	same
129522	high-confidence only	S1-104377725	Francaise Club SARL	46 Rue de la Paix et des Arts, Saint-Nazaire, Pays de la Loire	S2-82185778	2	Francaise Çlub SARL	N°46 R DE LA PAIX ET DES ARTS, SAINT-NAZAIRE	0.9995521903038025	1	same
129522	high-confidence only	S1-104377725	Francaise Club SARL	46 Rue de la Paix et des Arts, Saint-Nazaire, Pays de la Loire	S2-132435669	2	FRANCAISE CLUB SA	11 RUE DES EDEWEISS, SAINT-HERBLAIN, Pays de la Loire	0.01121527049690485	0	different business / sibling cluster / other address (default)
129522	high-confidence only	S1-104377725	Francaise Club SARL	46 Rue de la Paix et des Arts, Saint-Nazaire, Pays de la Loire	S2-201092820	2	Francaise Club Distribution SARL	49 RUE DE LA PAIX ET DES ARTS, SAINT-NAZAIRE, Pays de la Loire	0.0014761320780962706	0	Distribution #49
129522	high-confidence only	S1-104377725	Francaise Club SARL	46 Rue de la Paix et des Arts, Saint-Nazaire, Pays de la Loire	S3-552068886	3	Francaise Club International SARL	Nº 49 R. De La Paix Et Des Arts, Saint-nazaire	2.0466601199586876e-05	0	International #49
129522	high-confidence only	S1-104377725	Francaise Club SARL	46 Rue de la Paix et des Arts, Saint-Nazaire, Pays de la Loire	S3-265859604	3	Francaise Culture SARL	Nº 49 R. De La Paix Et Des Arts, Saint-nazaire	0.0012935639824718237	0	#49 cluster
129522	high-confidence only	S1-104377725	Francaise Club SARL	46 Rue de la Paix et des Arts, Saint-Nazaire, Pays de la Loire	S3-224823133	3	Francaise çlub SARL	Saint-nazaire, 46 R. De La Paix Et Des Arts, Loire-Atlantique	0.9999489784240723	1	same
129522	high-confidence only	S1-104377725	Francaise Club SARL	46 Rue de la Paix et des Arts, Saint-Nazaire, Pays de la Loire	S2-860129416	2	FRANCAISE CLUB EURL	36 RUE BABIN, BORDEAUX		0	different business / sibling cluster / other address (default)
129522	high-confidence only	S1-104377725	Francaise Club SARL	46 Rue de la Paix et des Arts, Saint-Nazaire, Pays de la Loire	S3-831063194	3	Francaise Club SAS	58 Rue Des Flandres, Tourcoing, Nord		0	different business / sibling cluster / other address (default)
129522	high-confidence only	S1-104377725	Francaise Club SARL	46 Rue de la Paix et des Arts, Saint-Nazaire, Pays de la Loire	S2-897096002	2	SAS Francaise Çlub	58 R. DES FLANDRES, Tourcoing		0	different business / sibling cluster / other address (default)
529937	high-confidence only	S1-480642682	Cmp Club SCI	9 Place des Girondins, Mérignac, Nouvelle-Aquitaine	S2-775180734	2	CMP ÇLUB		0.07355944067239761	?	no address, shared name
529937	high-confidence only	S1-480642682	Cmp Club SCI	9 Place des Girondins, Mérignac, Nouvelle-Aquitaine	S2-259616763	2	Cmp Club S.C.I.	9 PL. DES GIRONDINS, MÉRIGNAC, Nouvelle-Aquitaine	0.9914724230766296	1	same
529937	high-confidence only	S1-480642682	Cmp Club SCI	9 Place des Girondins, Mérignac, Nouvelle-Aquitaine	S2-590972861	2	Cmp Club Sci	9 PLACE DES GIRONDINS, MÉRIGNAC, Nouvelle-Aquitaine	0.9998373985290527	1	same
529937	high-confidence only	S1-480642682	Cmp Club SCI	9 Place des Girondins, Mérignac, Nouvelle-Aquitaine	S3-596394981	3	Cmp  Club SCI	9 Pl. Des Grondins, Nouvelle-Aquitaine, Mérignac	0.9996918439865112	1	same
529937	high-confidence only	S1-480642682	Cmp Club SCI	9 Place des Girondins, Mérignac, Nouvelle-Aquitaine	S3-882221286	3	cmpclubscicom	9 Place Des Girondins, Mérignac, Nouvelle-Aquitaine	0.9993252754211426	1	domain form
529937	high-confidence only	S1-480642682	Cmp Club SCI	9 Place des Girondins, Mérignac, Nouvelle-Aquitaine	S3-207674998	3	Cmp Club SASU	10 Pl Des Girondins, Merignac	0.0334182009100914	?	number 10 vs 9, single
529937	high-confidence only	S1-480642682	Cmp Club SCI	9 Place des Girondins, Mérignac, Nouvelle-Aquitaine	S3-99473413	3	Cmp Club	No 47 R. Du Château, Tourcoing, Nord		0	different business / sibling cluster / other address (default)
529937	high-confidence only	S1-480642682	Cmp Club SCI	9 Place des Girondins, Mérignac, Nouvelle-Aquitaine	S2-838912854	2	CMP  CLUB	AVE FOCH, LILLE, Nord		0	different business / sibling cluster / other address (default)
529937	high-confidence only	S1-480642682	Cmp Club SCI	9 Place des Girondins, Mérignac, Nouvelle-Aquitaine	S2-353694498	2	Cmp Club SASU	8 IMPASSE DU JURA, MÉRIGNAC, Gironde		0	different business / sibling cluster / other address (default)
1243926	high-confidence only	S1-492343331	Mana Concept SA	18 Rue Marans, Nantes, Pays de la Loire	S2-207878096	2	Mana Concept France SA	22 RUE MARAS, NANTES	0.006752689369022846	0	France #22
1243926	high-confidence only	S1-492343331	Mana Concept SA	18 Rue Marans, Nantes, Pays de la Loire	S2-991579376	2	Mana Çoncept SA		0.99680495262146	1	no address, unique name
1243926	high-confidence only	S1-492343331	Mana Concept SA	18 Rue Marans, Nantes, Pays de la Loire	S2-916745754	2	Mana Concept Holding SA	22 RUE MARANS, NANTES	0.002265474060550332	0	Holding #22
1243926	high-confidence only	S1-492343331	Mana Concept SA	18 Rue Marans, Nantes, Pays de la Loire	S3-780921549	3	mana concept sa	18 Rue Marns, Pays de la Loire, Nantes	0.9998264908790588	1	same
1243926	high-confidence only	S1-492343331	Mana Concept SA	18 Rue Marans, Nantes, Pays de la Loire	S3-204088893	3	Mana  Concept (SA)	18 Rue Marans, Nantes, Pays de la Loire	0.9999828338623047	1	same
1243926	high-confidence only	S1-492343331	Mana Concept SA	18 Rue Marans, Nantes, Pays de la Loire	S3-97348037	3	Mana Concept Sa	18 R. Marans, Nantes, Pays de la Loire	0.9999724626541138	1	same
1243926	high-confidence only	S1-492343331	Mana Concept SA	18 Rue Marans, Nantes, Pays de la Loire	S3-10113713	3	Mana  Concept	18 Rue Marans, Nantes, Pays de la Loire	0.9999651908874512	1	same
1243926	high-confidence only	S1-492343331	Mana Concept SA	18 Rue Marans, Nantes, Pays de la Loire	S2-467626831	2	Nantes Concept SARL	6 RUE DU MAROC, NANTES, Pays de la Loire		0	different business / sibling cluster / other address (default)
123561	high-confidence only	S1-963725745	Bien Comite SAS	42 Rue Vaucher, Bordeaux, Nouvelle-Aquitaine	S2-769434289	2	Brixvantage	R. VAUCHER, Bordeaux, Nouvelle-Aquitaine	0.18926286697387695	0	different business / sibling cluster / other address (default)
123561	high-confidence only	S1-963725745	Bien Comite SAS	42 Rue Vaucher, Bordeaux, Nouvelle-Aquitaine	S3-280009419	3	Bien Jeunes SAS	55 R. Vaucher, Bordeaux, Nouvelle-Aquitaine	0.00298685603775084	0	#55 cluster
123561	high-confidence only	S1-963725745	Bien Comite SAS	42 Rue Vaucher, Bordeaux, Nouvelle-Aquitaine	S3-568375536	3	Bien-Comite		0.05180012807250023	?	no address, shared name
123561	high-confidence only	S1-963725745	Bien Comite SAS	42 Rue Vaucher, Bordeaux, Nouvelle-Aquitaine	S3-731217599	3	Bien Comite SAS	42 Rue Vaucher, Bordeaux, Gironde	0.9998217225074768	1	same
123561	high-confidence only	S1-963725745	Bien Comite SAS	42 Rue Vaucher, Bordeaux, Nouvelle-Aquitaine	S3-173478567	3	Bien  Comite	42 Rue Vuacher, Bordeaux, Gironde	0.9799033999443054	1	same, typo
123561	high-confidence only	S1-963725745	Bien Comite SAS	42 Rue Vaucher, Bordeaux, Nouvelle-Aquitaine	S3-724164277	3	Bien Comite France	55 Rue Vaucher, Bordeaux, Nouvelle-Aquitaine	0.0021341913379728794	0	France #55
123561	high-confidence only	S1-963725745	Bien Comite SAS	42 Rue Vaucher, Bordeaux, Nouvelle-Aquitaine	S3-457145356	3	Bien Çomite SAS	56 R. Charlemagne, Roubaix, Hauts-de-France		0	different business / sibling cluster / other address (default)
123561	high-confidence only	S1-963725745	Bien Comite SAS	42 Rue Vaucher, Bordeaux, Nouvelle-Aquitaine	S2-950525411	2	bien comite sas	56 - RUE CHARLEMAGNE, ROUBAIX, Nord		0	different business / sibling cluster / other address (default)
123561	high-confidence only	S1-963725745	Bien Comite SAS	42 Rue Vaucher, Bordeaux, Nouvelle-Aquitaine	S2-894366808	2	Bien SAS Comite	56 - RUE CHARLEMAGNE, ROUBAIX, Nord		0	different business / sibling cluster / other address (default)
123561	high-confidence only	S1-963725745	Bien Comite SAS	42 Rue Vaucher, Bordeaux, Nouvelle-Aquitaine	S2-353953568	2	Bien Comite EURL	10 RUE DE LA MERCI, BORDEAUX, Nouvelle-Aquitaine		0	different business / sibling cluster / other address (default)
123561	high-confidence only	S1-963725745	Bien Comite SAS	42 Rue Vaucher, Bordeaux, Nouvelle-Aquitaine	S2-845750147	2	Bien Çomite SCI	1 R DE LA MERCI, BORDEAUX		0	different business / sibling cluster / other address (default)
283444	high-confidence only	S1-244333766	École maternelle Sainte Diderot	19 RUE Henri Matisse, Calais, Hauts-de-France	S2-94578708	2	École maternelle Diderot Participations & Associés	40 RUE HENRI MATISSE, CALAIS, Pas-de-Calais	8.231399988289922e-06	0	Participations #40
283444	high-confidence only	S1-244333766	École maternelle Sainte Diderot	19 RUE Henri Matisse, Calais, Hauts-de-France	S3-38442124	3	SA ÉCOLE MATERNELLE SAINTE DIDEROT	40 Rue Henri Matisse, Calais, Pas-de-Calais	0.0003469612274784595	0	#40 cluster
283444	high-confidence only	S1-244333766	École maternelle Sainte Diderot	19 RUE Henri Matisse, Calais, Hauts-de-France	S3-950332722	3	École maternelle Sainte Diderot	19 Rue Henri Matisse, Calais, Pas-de-Calais	0.9989914298057556	1	same
283444	high-confidence only	S1-244333766	École maternelle Sainte Diderot	19 RUE Henri Matisse, Calais, Hauts-de-France	S3-205840476	3	Union Diderot Des			0	different business / sibling cluster / other address (default)
283444	high-confidence only	S1-244333766	École maternelle Sainte Diderot	19 RUE Henri Matisse, Calais, Hauts-de-France	S3-860800141	3	Diderot Societe			0	different business / sibling cluster / other address (default)
283444	high-confidence only	S1-244333766	École maternelle Sainte Diderot	19 RUE Henri Matisse, Calais, Hauts-de-France	S2-984157731	2	Diderot Loisirs SCI	BD JEAN MERMOZ, SAINT-NAZAIRE		0	different business / sibling cluster / other address (default)
283444	high-confidence only	S1-244333766	École maternelle Sainte Diderot	19 RUE Henri Matisse, Calais, Hauts-de-France	S2-719628283	2	Diderot Loisirs	BD JEAN MERMOZ, ST-NAZAIRE		0	different business / sibling cluster / other address (default)
283444	high-confidence only	S1-244333766	École maternelle Sainte Diderot	19 RUE Henri Matisse, Calais, Hauts-de-France	S3-766712319	3	Union des Diderot	26 Rue Des Sept Ponts, Roubaix, Nord		0	different business / sibling cluster / other address (default)
86531	high-confidence only	S1-150524683	Aleph (France) Compagnie SAS	61 Rue Ulysse Gayon, Bordeaux, Nouvelle-Aquitaine	S2-809246726	2	Aleph (France) Compagnie Développement SAS	(62) RUE ULYSSE GAYON, BORDEAUX, Gironde	0.011844349093735218	0	Developpement #62
86531	high-confidence only	S1-150524683	Aleph (France) Compagnie SAS	61 Rue Ulysse Gayon, Bordeaux, Nouvelle-Aquitaine	S2-95765371	2	Aleph Compagnie SAS Et Fils	61 R. ULYSSE GAYON, BORDEAUX	0.9324336051940918	?	same address, (France) dropped + Et Fils
86531	high-confidence only	S1-150524683	Aleph (France) Compagnie SAS	61 Rue Ulysse Gayon, Bordeaux, Nouvelle-Aquitaine	S2-972757267	2	Aleph (France) Sportive SAS	(62) R. ULYSSE GAYON, BORDEAUX, Gironde	0.029261721298098564	0	#62 cluster
86531	high-confidence only	S1-150524683	Aleph (France) Compagnie SAS	61 Rue Ulysse Gayon, Bordeaux, Nouvelle-Aquitaine	S2-971385077	2	Aleph (Frànce) Compagnie SAS	61 RUE ULYSSE GAYON, BORDEAUX	0.9999821186065674	1	same
86531	high-confidence only	S1-150524683	Aleph (France) Compagnie SAS	61 Rue Ulysse Gayon, Bordeaux, Nouvelle-Aquitaine	S3-111972222	3	Aleph (France) Compagnie International	62 Rue Ulysse Gayon, Bordeaux	0.00010259420378133655	0	International #62
86531	high-confidence only	S1-150524683	Aleph (France) Compagnie SAS	61 Rue Ulysse Gayon, Bordeaux, Nouvelle-Aquitaine	S3-185763795	3	Nylapyrawex formerly known as Aleph (France) Compagnie SAS	61 Rue Ulysse Gayon, Bordeaux, Nouvelle-Aquitaine	0.9999767541885376	1	formerly known as
86531	high-confidence only	S1-150524683	Aleph (France) Compagnie SAS	61 Rue Ulysse Gayon, Bordeaux, Nouvelle-Aquitaine	S3-579065256	3	Bordeaux Amicale SAS	46 R Ulysse Gayon, Bordeaux, Nouvelle-Aquitaine		0	different business / sibling cluster / other address (default)
86531	high-confidence only	S1-150524683	Aleph (France) Compagnie SAS	61 Rue Ulysse Gayon, Bordeaux, Nouvelle-Aquitaine	S3-164504576	3	bordeaux amicale sas	46 R. Ulysse Gayon, Bordeaux, Nouvelle-Aquitaine		0	different business / sibling cluster / other address (default)
968410	high-confidence only	S1-112204983	Bonsai Sportive EURL	5 Avenue Henri Dunant, La Teste-de-Buch, Nouvelle-Aquitaine	S2-29221907	2	Bonsai Sportive Eurl	5 AVENUE HENRI DUNANT, LA TESTE-DE-BUCH, Gironde	0.9999516010284424	1	same
968410	high-confidence only	S1-112204983	Bonsai Sportive EURL	5 Avenue Henri Dunant, La Teste-de-Buch, Nouvelle-Aquitaine	S2-195628265	2	BONSAI SPORTIVE EURL	5 AVE HENRI DUNANT, LA TESTE DE BUCH, Gironde	0.9999405145645142	1	same
968410	high-confidence only	S1-112204983	Bonsai Sportive EURL	5 Avenue Henri Dunant, La Teste-de-Buch, Nouvelle-Aquitaine	S2-896390058	2	Bonsai EURL Sportive	5 AVENUE HENRI DNUANT, LA TESTE-DE-BUCH, Gironde	0.9996449947357178	1	same
968410	high-confidence only	S1-112204983	Bonsai Sportive EURL	5 Avenue Henri Dunant, La Teste-de-Buch, Nouvelle-Aquitaine	S2-636808582	2	EURL Bonsai Sportive	La Teste-de-Buch, Gironde, 5 AV. HENRI DNANT	0.9997807145118713	1	same
968410	high-confidence only	S1-112204983	Bonsai Sportive EURL	5 Avenue Henri Dunant, La Teste-de-Buch, Nouvelle-Aquitaine	S2-541612866	2	bonsai sportive groupe eurl	#18 AV HNRI DUNANT, LA TESTE-DE-BUCH	0.00026693992549553514	0	Groupe #18
968410	high-confidence only	S1-112204983	Bonsai Sportive EURL	5 Avenue Henri Dunant, La Teste-de-Buch, Nouvelle-Aquitaine	S2-711094097	2	BONSAI  SPORTIVE	5 AV. HENRI DUNANT, LA TESTE-DE-BUCH, Gironde	0.999971866607666	1	same
968410	high-confidence only	S1-112204983	Bonsai Sportive EURL	5 Avenue Henri Dunant, La Teste-de-Buch, Nouvelle-Aquitaine	S3-566665779	3	HSES Spôrtive SAS	La Teste-de-buch, Nº 21 Avenue Henri Dunant, Nouvelle-Aquitaine	0.0009022231097333133	0	different business / sibling cluster / other address (default)
968410	high-confidence only	S1-112204983	Bonsai Sportive EURL	5 Avenue Henri Dunant, La Teste-de-Buch, Nouvelle-Aquitaine	S3-1883384	3	Bonsai Sportive Holding EURL	N° 18 Avenue Henri Dunant, La Teste-de-buch, Nouvelle-Aquitaine	0.006388545036315918	0	Holding #18
968410	high-confidence only	S1-112204983	Bonsai Sportive EURL	5 Avenue Henri Dunant, La Teste-de-Buch, Nouvelle-Aquitaine	S3-129465601	3	Bonsai Spôrtive EURL	5 Ave Henri Dunnt, Nouvelle-Aquitaine, La Teste-de-buch	0.9998155236244202	1	same
1478125	high-confidence only	S1-597214710	Association des Bamboche	117 Rue Aristide Briand, Dunkerque, Hauts-de-France	S2-405303690	2	ASSOCIATION DES 8AMBOCHE	117 R. ARISTIDE BRIAND, DUNKERQUE, Hauts-de-France	0.9998959302902222	1	same, OCR typo
1478125	high-confidence only	S1-597214710	Association des Bamboche	117 Rue Aristide Briand, Dunkerque, Hauts-de-France	S2-120630026	2	@associationbamboche	117 RUE ARISTIDE BRIAND, DUNKERQUE, Hauts-de-France	0.9999945163726807	1	handle form
1478125	high-confidence only	S1-597214710	Association des Bamboche	117 Rue Aristide Briand, Dunkerque, Hauts-de-France	S3-932946068	3	Association des Bamboche	Hauts-de-France, No 117 Rue Aristide Briand, Dunkerque	0.9999942779541016	1	same
1478125	high-confidence only	S1-597214710	Association des Bamboche	117 Rue Aristide Briand, Dunkerque, Hauts-de-France	S3-63313441	3	Association des Bamboche Participations	0124 Rue Aristide Briand, Dunkerque	0.0002939336118288338	0	Participations #124
1478125	high-confidence only	S1-597214710	Association des Bamboche	117 Rue Aristide Briand, Dunkerque, Hauts-de-France	S3-939952696	3	Association des Bamboche	No 117 R. Aristide Briand, Dunkerque, Hauts-de-France	0.999972939491272	1	same
1478125	high-confidence only	S1-597214710	Association des Bamboche	117 Rue Aristide Briand, Dunkerque, Hauts-de-France	S2-365610727	2	Mds-Gestion EURL	117 AVE ARISTIDE BRIAND, MÉRIGNAC, Gironde		0	different business / sibling cluster / other address (default)
1478125	high-confidence only	S1-597214710	Association des Bamboche	117 Rue Aristide Briand, Dunkerque, Hauts-de-France	S2-629580248	2	Mds Union EURL	117 AV. ARISTIDE BRIAND, MERIGNAC, Gironde		0	different business / sibling cluster / other address (default)
1478125	high-confidence only	S1-597214710	Association des Bamboche	117 Rue Aristide Briand, Dunkerque, Hauts-de-France	S2-442204489	2	MG	117 AVE ARISTIDE BRIAND, Mérignac, Gironde		0	different business / sibling cluster / other address (default)
874852	high-confidence only	S1-663630761	Verticale Loisirs SARL	Dunkerque, 69 Rue des Poilus, Hauts-de-France	S2-297169805	2	Verticale Loisirs Groupe  SARL	74 RUE DES POILSU, DUNKERQUE, Nord	0.010723324492573738	0	Groupe #74
874852	high-confidence only	S1-663630761	Verticale Loisirs SARL	Dunkerque, 69 Rue des Poilus, Hauts-de-France	S2-7154883	2	Verticale Lôisirs SARL	69 R DES POLUS, DUNKERQUE	0.9982874989509583	1	same
874852	high-confidence only	S1-663630761	Verticale Loisirs SARL	Dunkerque, 69 Rue des Poilus, Hauts-de-France	S3-913690688	3	Maison Vèrticale SAS			0	different business / sibling cluster / other address (default)
874852	high-confidence only	S1-663630761	Verticale Loisirs SARL	Dunkerque, 69 Rue des Poilus, Hauts-de-France	S2-74142985	2	Maison Verticale  EURL	17 R. DU PIN, NANTES, Pays de la Loire		0	different business / sibling cluster / other address (default)
874852	high-confidence only	S1-663630761	Verticale Loisirs SARL	Dunkerque, 69 Rue des Poilus, Hauts-de-France	S2-111038759	2	MAISON SAS VERTICALE	0012 RUE DU PIN, NANTES		0	different business / sibling cluster / other address (default)
874852	high-confidence only	S1-663630761	Verticale Loisirs SARL	Dunkerque, 69 Rue des Poilus, Hauts-de-France	S3-963602281	3	Maison  Verticale SAS	N°12 Rue Du Pin, Nantes, Pays de la Loire		0	different business / sibling cluster / other address (default)
874852	high-confidence only	S1-663630761	Verticale Loisirs SARL	Dunkerque, 69 Rue des Poilus, Hauts-de-France	S3-400183049	3	Maison Verticale Holding SAS	No 17 Rue Du Pin, Nantes, Loire-Atlantique		0	different business / sibling cluster / other address (default)
874852	high-confidence only	S1-663630761	Verticale Loisirs SARL	Dunkerque, 69 Rue des Poilus, Hauts-de-France	S2-466447406	2	Verticale Parents SAS	0026 RUE MARCELIN BERTHELOT, BORDEAUX, Nouvelle-Aquitaine		0	different business / sibling cluster / other address (default)
770747	high-confidence only	S1-118196933	TK Solutions SARL	26 Boulevard la Fayette, Calais, Hauts-de-France	S2-287367201	2	TK Solutions Sarl		0.9884340167045593	1	no address, unique name
770747	high-confidence only	S1-118196933	TK Solutions SARL	26 Boulevard la Fayette, Calais, Hauts-de-France	S3-419848548	3	SARL TK SOLUTIONS	Boulevard La Fayette, Calais, Pas-de-Calais	0.9996533393859863	1	same, no number
770747	high-confidence only	S1-118196933	TK Solutions SARL	26 Boulevard la Fayette, Calais, Hauts-de-France	S3-876260189	3	SARL TK Solutions	Bd. La Fayette, Calais, Pas-de-Calais	0.9996007084846497	1	same, no number
770747	high-confidence only	S1-118196933	TK Solutions SARL	26 Boulevard la Fayette, Calais, Hauts-de-France	S3-601510915	3	TK Solutions SCI	37 Boulevard La Fayette, Calais	0.0025465968064963818	?	number 37, single
770747	high-confidence only	S1-118196933	TK Solutions SARL	26 Boulevard la Fayette, Calais, Hauts-de-France	S2-347169441	2	Calais Solutions			0	different business / sibling cluster / other address (default)
770747	high-confidence only	S1-118196933	TK Solutions SARL	26 Boulevard la Fayette, Calais, Hauts-de-France	S3-788855824	3	Yoga Solutions			0	different business / sibling cluster / other address (default)
770747	high-confidence only	S1-118196933	TK Solutions SARL	26 Boulevard la Fayette, Calais, Hauts-de-France	S3-873287714	3	Lille Solutions SARL	74 R. Auber, Lille, Hauts-de-France		0	different business / sibling cluster / other address (default)
770747	high-confidence only	S1-118196933	TK Solutions SARL	26 Boulevard la Fayette, Calais, Hauts-de-France	S2-625114686	2	Lille Solutions	7 RUE DE L'HÔTEL DE VILLE, LILLE, Nord		0	different business / sibling cluster / other address (default)
1326375	high-confidence only	S1-142140870	Philosophie & Fils SARL	Mérignac, 94 Avenue des Eyquems, Nouvelle-Aquitaine	S2-621593217	2	Philosophie & Fïls SARL	MERIGNAC, 94 AVE DES EYQUEMS	0.9999797344207764	1	same
1326375	high-confidence only	S1-142140870	Philosophie & Fils SARL	Mérignac, 94 Avenue des Eyquems, Nouvelle-Aquitaine	S2-985644906	2	PHILOSOPHIE (FRANCE) SARL & FILS		0.05114426463842392	?	no address, + (France)
1326375	high-confidence only	S1-142140870	Philosophie & Fils SARL	Mérignac, 94 Avenue des Eyquems, Nouvelle-Aquitaine	S2-157725583	2	Philosophie & Fils	94 AVENUE DES EYQUEMS, MERIGNAC	0.9993088245391846	1	same
1326375	high-confidence only	S1-142140870	Philosophie & Fils SARL	Mérignac, 94 Avenue des Eyquems, Nouvelle-Aquitaine	S2-622687919	2	PHILOSOPHIE & FILS SARL	94 AVENUE DES EYQUEMS, MERIGNAC	0.999636173248291	1	same
1326375	high-confidence only	S1-142140870	Philosophie & Fils SARL	Mérignac, 94 Avenue des Eyquems, Nouvelle-Aquitaine	S2-443113629	2	Philosophie & Fils [SARL]	94 AV DES EYQUEMS, MÉRIGNAC	0.9997368454933167	1	same
1326375	high-confidence only	S1-142140870	Philosophie & Fils SARL	Mérignac, 94 Avenue des Eyquems, Nouvelle-Aquitaine	S2-556717927	2	Philosophie & Fils Sarl	94 AVENUE DES EYQEUMS, MÉRIGNAC	0.9996582269668579	1	same
1326375	high-confidence only	S1-142140870	Philosophie & Fils SARL	Mérignac, 94 Avenue des Eyquems, Nouvelle-Aquitaine	S3-25331196	3	SARL Philosophie & Fils France	96 Avenue Des Eyquems, Mérignac, Gironde	0.005663322750478983	0	France #96
1326375	high-confidence only	S1-142140870	Philosophie & Fils SARL	Mérignac, 94 Avenue des Eyquems, Nouvelle-Aquitaine	S2-140006725	2	Ets  Philosophie SAS	14 RUE MICHELET, LA TESTE-DE-BUCH, Gironde		0	different business / sibling cluster / other address (default)
1326375	high-confidence only	S1-142140870	Philosophie & Fils SARL	Mérignac, 94 Avenue des Eyquems, Nouvelle-Aquitaine	S2-430016066	2	Ets Phïlosophie SASU	21 RUE MICHELET, LA TESTE-DE-BUCH, Nouvelle-Aquitaine		0	different business / sibling cluster / other address (default)
722045	high-confidence only	S1-860057480	Fédération des Combattants	5 Route de Pessac, Mérignac, Nouvelle-Aquitaine	S2-128147267	2	Fédération des Combattants	5 RTE DE PESSAC, MÉRIGNAC	0.9998987913131714	1	same
722045	high-confidence only	S1-860057480	Fédération des Combattants	5 Route de Pessac, Mérignac, Nouvelle-Aquitaine	S3-640644984	3	Fédération du Combattants Et [Fils]		0.016336534172296524	?	no address, + Et Fils
722045	high-confidence only	S1-860057480	Fédération des Combattants	5 Route de Pessac, Mérignac, Nouvelle-Aquitaine	S3-568341317	3	Fédération des Combattants Distribution	6 Rte De Pessac, Merignac, Nouvelle-Aquitaine	0.003270673332735896	0	Distribution #6
722045	high-confidence only	S1-860057480	Fédération des Combattants	5 Route de Pessac, Mérignac, Nouvelle-Aquitaine	S3-619179291	3	Fédération des Combattants SA	Nouvelle-Aquitaine, Mérignac, 6 Ruote De Pessac	0.09900246560573578	0	#6 cluster
722045	high-confidence only	S1-860057480	Fédération des Combattants	5 Route de Pessac, Mérignac, Nouvelle-Aquitaine	S2-992120894	2	Fédération des  Combattants	RUE COLBERT, LILLE, Hauts-de-France		0	different business / sibling cluster / other address (default)
722045	high-confidence only	S1-860057480	Fédération des Combattants	5 Route de Pessac, Mérignac, Nouvelle-Aquitaine	S2-705311827	2	Fédération des Combattants	R. COLBERT, LILLE, Hauts-de-France		0	different business / sibling cluster / other address (default)
722045	high-confidence only	S1-860057480	Fédération des Combattants	5 Route de Pessac, Mérignac, Nouvelle-Aquitaine	S2-113576189	2	Fédération De Combattants	3 CHEMIN DES NOES, ST.-NAZAIRE		0	different business / sibling cluster / other address (default)
722045	high-confidence only	S1-860057480	Fédération des Combattants	5 Route de Pessac, Mérignac, Nouvelle-Aquitaine	S2-935236064	2	Fédération De Combattants	3 CH. DES NOËS, SAINT-NAZAIRE		0	different business / sibling cluster / other address (default)
722045	high-confidence only	S1-860057480	Fédération des Combattants	5 Route de Pessac, Mérignac, Nouvelle-Aquitaine	S3-947184095	3	Fédération de Combattants SASU	3 Chemin Des Noes, Saint-nazaire		0	different business / sibling cluster / other address (default)
722045	high-confidence only	S1-860057480	Fédération des Combattants	5 Route de Pessac, Mérignac, Nouvelle-Aquitaine	S2-28397153	2	Fédération de Combattants SA	RUE DE GUISNES, TOURCOING		0	different business / sibling cluster / other address (default)
722045	high-confidence only	S1-860057480	Fédération des Combattants	5 Route de Pessac, Mérignac, Nouvelle-Aquitaine	S2-313395335	2	FÉDÉRATION DE COMBATTANTS SCI	TOURCOING, RUE DE GUISNES		0	different business / sibling cluster / other address (default)
1617440	high-confidence only	S1-843593799	Lettres Residence SARL	17 Avenue des Violettes Pyla, La Teste-de-Buch, Nouvelle-Aquitaine	S2-403755871	2	Lettres Residence	LA TESTE DE BUCH, 17 AVENUE DES VIOLETTES PYLA	0.9999829530715942	1	same
1617440	high-confidence only	S1-843593799	Lettres Residence SARL	17 Avenue des Violettes Pyla, La Teste-de-Buch, Nouvelle-Aquitaine	S2-779226445	2	Lettres Residence Distribution Sarl	LA TESTE DE BUCH, 19 AVENUE DES VIOLETTES PYLA	0.0017473057378083467	0	Distribution #19
1617440	high-confidence only	S1-843593799	Lettres Residence SARL	17 Avenue des Violettes Pyla, La Teste-de-Buch, Nouvelle-Aquitaine	S2-113721292	2	Lettres Residence SNC	19 AVENUE DES VIOLETTES PYLA, LA TESTE-DE-BUCH	0.0698217898607254	0	SNC #19
1617440	high-confidence only	S1-843593799	Lettres Residence SARL	17 Avenue des Violettes Pyla, La Teste-de-Buch, Nouvelle-Aquitaine	S3-216611914	3	Lettres SARL Et Fils	17 Av Des Violettes Pyla, La Teste-de-buch	0.14861774444580078	?	same address, Residence -> Et Fils
1617440	high-confidence only	S1-843593799	Lettres Residence SARL	17 Avenue des Violettes Pyla, La Teste-de-Buch, Nouvelle-Aquitaine	S3-855130833	3	Lettres Residence SARL		0.9900993704795837	1	no address, unique name
1617440	high-confidence only	S1-843593799	Lettres Residence SARL	17 Avenue des Violettes Pyla, La Teste-de-Buch, Nouvelle-Aquitaine	S2-905356606	2	lettres collectif			0	different business / sibling cluster / other address (default)
1617440	high-confidence only	S1-843593799	Lettres Residence SARL	17 Avenue des Violettes Pyla, La Teste-de-Buch, Nouvelle-Aquitaine	S3-708003360	3	Lettres Culturelle  (France) EURL			0	different business / sibling cluster / other address (default)
1617440	high-confidence only	S1-843593799	Lettres Residence SARL	17 Avenue des Violettes Pyla, La Teste-de-Buch, Nouvelle-Aquitaine	S2-412707811	2	de Maison Santé de la Lettres	62 BLVD DE L'EPINE, Lille, Nord		0	different business / sibling cluster / other address (default)
228380	high-confidence only	S1-528877009	Calais Club SARL	Hauts-de-France, 154 Rue des Fontinettes, Calais	S2-869686310	2	CALAIS CLUB (SARL)	N° 154 R DES FONTINETTES, CALAIS, Hauts-de-France	0.999358594417572	1	same
228380	high-confidence only	S1-528877009	Calais Club SARL	Hauts-de-France, 154 Rue des Fontinettes, Calais	S2-139182137	2	Calais Club	CALAIS, Hauts-de-France	0.037626441568136215	?	city only, shared name
228380	high-confidence only	S1-528877009	Calais Club SARL	Hauts-de-France, 154 Rue des Fontinettes, Calais	S2-369238501	2	Calais SASU Club	100 RUE DES FONTINETTES, CALAIS, Hauts-de-France	0.009955646470189095	0	#100 other
228380	high-confidence only	S1-528877009	Calais Club SARL	Hauts-de-France, 154 Rue des Fontinettes, Calais	S3-977626361	3	Calais CLUB SARL	154 Rue Des Fontinettes, Calais, Pas-de-Calais	0.9985005855560303	1	same
228380	high-confidence only	S1-528877009	Calais Club SARL	Hauts-de-France, 154 Rue des Fontinettes, Calais	S3-185815832	3	Calais SARL Club	154 Rue Des Fontiettes, Calais, Pas-de-Calais	0.9971287846565247	1	same
228380	high-confidence only	S1-528877009	Calais Club SARL	Hauts-de-France, 154 Rue des Fontinettes, Calais	S2-282166262	2	Calais Club SCI	68 R. DES FONTINETTES, CALAIS, Pas-de-Calais		0	different business / sibling cluster / other address (default)
228380	high-confidence only	S1-528877009	Calais Club SARL	Hauts-de-France, 154 Rue des Fontinettes, Calais	S3-676094831	3	Calais Club SCI	2 Bis Square Des Fontinettes, Calais		0	different business / sibling cluster / other address (default)
228380	high-confidence only	S1-528877009	Calais Club SARL	Hauts-de-France, 154 Rue des Fontinettes, Calais	S2-487423184	2	CALAIS CLUB	1 B SQUARE DES FONTINETTES, CALAIS		0	different business / sibling cluster / other address (default)
228380	high-confidence only	S1-528877009	Calais Club SARL	Hauts-de-France, 154 Rue des Fontinettes, Calais	S3-776134317	3	Calais Club SAS	Calais, Hauts-de-France, 1 Bis Square Des Fontinettes		0	different business / sibling cluster / other address (default)
467529	high-confidence only	S1-698715998	Departemental Centre EI	114 Rue des Francs, Tourcoing, Hauts-de-France	S2-700501494	2	Departemental Centre EI	N° 114 RUE DES FRANCS, TOURCOING	0.999458372592926	1	same
467529	high-confidence only	S1-698715998	Departemental Centre EI	114 Rue des Francs, Tourcoing, Hauts-de-France	S3-543282040	3	departementalcentreei.com	Tourcoing, 114 Rue Des Francs	0.999994158744812	1	domain form
467529	high-confidence only	S1-698715998	Departemental Centre EI	114 Rue des Francs, Tourcoing, Hauts-de-France	S3-78310295	3	Ei Departemental Centre	114 Rue Des Francs, Tourcoing	0.998650848865509	1	same
467529	high-confidence only	S1-698715998	Departemental Centre EI	114 Rue des Francs, Tourcoing, Hauts-de-France	S3-780243330	3	Departemental Centre Sàrl	14 Rue De Gênes, Roubaix, Nord		0	different business / sibling cluster / other address (default)
467529	high-confidence only	S1-698715998	Departemental Centre EI	114 Rue des Francs, Tourcoing, Hauts-de-France	S2-480977155	2	Departemental Club	NO 114 RUE DE MAUFAIT, ROUBAIX, Nord		0	different business / sibling cluster / other address (default)
467529	high-confidence only	S1-698715998	Departemental Centre EI	114 Rue des Francs, Tourcoing, Hauts-de-France	S3-169710919	3	Departemental SARL Services	114 Rue De Maufait, Roubaix		0	different business / sibling cluster / other address (default)
467529	high-confidence only	S1-698715998	Departemental Centre EI	114 Rue des Francs, Tourcoing, Hauts-de-France	S2-971639917	2	DEPARTEMENTAL CENTRE SARL	N°14 R DE GENES, ROUBAIX, Nord		0	different business / sibling cluster / other address (default)
467529	high-confidence only	S1-698715998	Departemental Centre EI	114 Rue des Francs, Tourcoing, Hauts-de-France	S2-775482226	2	Departemental Centre International SA	NO 42 RUE CHARLES ROGER, NANTES		0	different business / sibling cluster / other address (default)
524161	groupe/participations/developpement	S1-425452224	Bordeaux Club SA	2 ter Rue Saint-Émilion, Bordeaux, Nouvelle-Aquitaine	S2-226928748	2	Bordeaux-Club SA	2 TER R. SAIN-EMILION, BORDEAUX, Nouvelle-Aquitaine	0.9995167255401611	1	same
524161	groupe/participations/developpement	S1-425452224	Bordeaux Club SA	2 ter Rue Saint-Émilion, Bordeaux, Nouvelle-Aquitaine	S2-610229132	2	BORDEAUX CLUB PARTICIPATIONS	4 TER RUE SAINT-ÉMILION, BORDEAUX	0.48459091782569885	0	Participations #4ter
524161	groupe/participations/developpement	S1-425452224	Bordeaux Club SA	2 ter Rue Saint-Émilion, Bordeaux, Nouvelle-Aquitaine	S2-811595977	2	Bordeaux Club Groupe SA	4 - T RUE SAINT-EMILION, BORDEAUX	0.7687240839004517	0	Groupe #4ter
524161	groupe/participations/developpement	S1-425452224	Bordeaux Club SA	2 ter Rue Saint-Émilion, Bordeaux, Nouvelle-Aquitaine	S2-350526262	2	toutecoleeicom	4 R. SAINT-ÉMILION, BORDEAUX, Nouvelle-Aquitaine	0.7565045356750488	0	#4 other
524161	groupe/participations/developpement	S1-425452224	Bordeaux Club SA	2 ter Rue Saint-Émilion, Bordeaux, Nouvelle-Aquitaine	S3-777138075	3	bclub.com	2T Rue Saint-émilion, Bordeaux	0.5998082756996155	1	abbreviated domain, exact address
524161	groupe/participations/developpement	S1-425452224	Bordeaux Club SA	2 ter Rue Saint-Émilion, Bordeaux, Nouvelle-Aquitaine	S3-524282997	3	Dovairi	2 Ter R Saint-émilion, Bordeaux	0.6727452278137207	?	alias name at exact address
524161	groupe/participations/developpement	S1-425452224	Bordeaux Club SA	2 ter Rue Saint-Émilion, Bordeaux, Nouvelle-Aquitaine	S3-408898798	3	Bclub.Com	2 Ter R Saint-émilion, Bordeaux	0.986198902130127	1	abbreviated domain, exact address
524161	groupe/participations/developpement	S1-425452224	Bordeaux Club SA	2 ter Rue Saint-Émilion, Bordeaux, Nouvelle-Aquitaine	S3-951585513	3	BORDEAUX CLUB EURL			?	no address
524161	groupe/participations/developpement	S1-425452224	Bordeaux Club SA	2 ter Rue Saint-Émilion, Bordeaux, Nouvelle-Aquitaine	S3-31541715	3	Bordeaux Club & Co			?	no address
524161	groupe/participations/developpement	S1-425452224	Bordeaux Club SA	2 ter Rue Saint-Émilion, Bordeaux, Nouvelle-Aquitaine	S3-820712267	3	bordeaux union	3 R Saint-émilion, Bordeaux, Nouvelle-Aquitaine		0	different business / sibling cluster / other address (default)
524161	groupe/participations/developpement	S1-425452224	Bordeaux Club SA	2 ter Rue Saint-Émilion, Bordeaux, Nouvelle-Aquitaine	S2-90348400	2	Bordeaux Union SARL	3 RUE SAINT-ÉMILION, BORDEAUX		0	different business / sibling cluster / other address (default)
524161	groupe/participations/developpement	S1-425452224	Bordeaux Club SA	2 ter Rue Saint-Émilion, Bordeaux, Nouvelle-Aquitaine	S3-861101429	3	Bordeaux Societe SARL	34 Rue Saint-émilion, Bordeaux, Nouvelle-Aquitaine		0	different business / sibling cluster / other address (default)
1351486	groupe/participations/developpement	S1-898941294	Boreal Pharmacie SARL	112 Rue Anciens Combattants d’Afrique du Nord, Dunkerque, Hauts-de-France	S2-563584960	2	Boreal Pharmacie [SARL]	112 R ANCIENS COMBATTANTS D’AFRIQUE DU NORD, DUNKERQUE	0.999977707862854	1	same
1351486	groupe/participations/developpement	S1-898941294	Boreal Pharmacie SARL	112 Rue Anciens Combattants d’Afrique du Nord, Dunkerque, Hauts-de-France	S2-691679605	2	Boreal SARL Comite	115 R. ANCIENS COMBATTANTS D’AFRIQUE DU NORD, DUNKERQUE, Nord	0.0010142727987840772	0	#115 other
1351486	groupe/participations/developpement	S1-898941294	Boreal Pharmacie SARL	112 Rue Anciens Combattants d’Afrique du Nord, Dunkerque, Hauts-de-France	S3-39048087	3	Boreal Pharmacie	N°112 Rue Anciens Comabttants D’afrique Du Nord, Dunkerque, Hauts-de-France	0.9993742108345032	1	same
1351486	groupe/participations/developpement	S1-898941294	Boreal Pharmacie SARL	112 Rue Anciens Combattants d’Afrique du Nord, Dunkerque, Hauts-de-France	S3-881075507	3	Avibelo	Dunkerque, Hauts-de-France, N°112 Rue Anciens Combattants D’afrique Du Nord	0.12122613191604614	?	alias name at exact address
1351486	groupe/participations/developpement	S1-898941294	Boreal Pharmacie SARL	112 Rue Anciens Combattants d’Afrique du Nord, Dunkerque, Hauts-de-France	S3-552138266	3	BOREAL PHARMACIE SARL	N°112 Rue Anciens Combattants D’afrique Du Nord, Dunkerque, Hauts-de-France	0.9997766613960266	1	same
1351486	groupe/participations/developpement	S1-898941294	Boreal Pharmacie SARL	112 Rue Anciens Combattants d’Afrique du Nord, Dunkerque, Hauts-de-France	S2-919198795	2	Dunkerque-Sport	112 RUE ANCIENS COMBATTANTS D’AFRIQUE DU NORD, DUNKERQUE		0	different business / sibling cluster / other address (default)
1351486	groupe/participations/developpement	S1-898941294	Boreal Pharmacie SARL	112 Rue Anciens Combattants d’Afrique du Nord, Dunkerque, Hauts-de-France	S3-692456863	3	École primaire [Sainte]	N°112 R. Anciens Combattants D’afrique Du Nord, Dunkerque, Hauts-de-France		0	different business / sibling cluster / other address (default)
1351486	groupe/participations/developpement	S1-898941294	Boreal Pharmacie SARL	112 Rue Anciens Combattants d’Afrique du Nord, Dunkerque, Hauts-de-France	S3-256139109	3	dunkerque sport	N°112 Rue Anciens Combattants D’afrique Du Nord, Dunkerque, Hauts-de-France		0	different business / sibling cluster / other address (default)
1351486	groupe/participations/developpement	S1-898941294	Boreal Pharmacie SARL	112 Rue Anciens Combattants d’Afrique du Nord, Dunkerque, Hauts-de-France	S3-864982924	3	Dunkerque Spôrt	N°112 R. Anciens Combattants D’afrique Du Nord, Dunkerque, Hauts-de-France		0	different business / sibling cluster / other address (default)
410362	groupe/participations/developpement	S1-173261957	Institut de la Familles	64 Rue de la Martinière, Nantes, Pays de la Loire	S2-359607738	2	Anciens de  la Familles	67 RUE DE LA MARTINIERE, NANTES	0.001107797957956791	0	#67 other
410362	groupe/participations/developpement	S1-173261957	Institut de la Familles	64 Rue de la Martinière, Nantes, Pays de la Loire	S2-954831975	2	Institut de la Familles EURL	NANTES, 64 R. DE LA MARTINIÈRE, Loire-Atlantique	0.9980218410491943	1	same
410362	groupe/participations/developpement	S1-173261957	Institut de la Familles	64 Rue de la Martinière, Nantes, Pays de la Loire	S2-751571348	2	Institut de  la Familles	64 RUE DE LA MARTINIERE, NANTES, Loire-Atlantique	0.9996248483657837	1	same
410362	groupe/participations/developpement	S1-173261957	Institut de la Familles	64 Rue de la Martinière, Nantes, Pays de la Loire	S2-941110954	2	INSTITUT DE FAMILLES	64 RUE DE LA MARTINIÈRE, NANTES, Loire-Atlantique	0.9983158111572266	1	same
410362	groupe/participations/developpement	S1-173261957	Institut de la Familles	64 Rue de la Martinière, Nantes, Pays de la Loire	S3-917096144	3	Brixjaxpyra	#64 Rue De La Martinière, Nantes	0.8964294195175171	?	alias name at exact address
410362	groupe/participations/developpement	S1-173261957	Institut de la Familles	64 Rue de la Martinière, Nantes, Pays de la Loire	S3-188308079	3	institutfamilles.com	4 Rue Vasco De Gma, Nantes, Loire-Atlantique	0.06006050854921341	0	other entity Vasco de Gama
410362	groupe/participations/developpement	S1-173261957	Institut de la Familles	64 Rue de la Martinière, Nantes, Pays de la Loire	S3-826746597	3	Institut de la Familles SCI	#64 Rue De La Martinière, Nantes	0.9983645081520081	1	same
410362	groupe/participations/developpement	S1-173261957	Institut de la Familles	64 Rue de la Martinière, Nantes, Pays de la Loire	S3-395790316	3	Institut de Familles	64 Rue Delaroche, Calais		0	different business / sibling cluster / other address (default)
410362	groupe/participations/developpement	S1-173261957	Institut de la Familles	64 Rue de la Martinière, Nantes, Pays de la Loire	S2-921997060	2	INSTITUT DE FAMILLES EURL	64 RUE DELAROCHE, CALAIS, Pas-de-Calais		0	different business / sibling cluster / other address (default)
410362	groupe/participations/developpement	S1-173261957	Institut de la Familles	64 Rue de la Martinière, Nantes, Pays de la Loire	S3-630500906	3	Institut Familles de	Calais, 64 Rue Delaroce		0	different business / sibling cluster / other address (default)
410362	groupe/participations/developpement	S1-173261957	Institut de la Familles	64 Rue de la Martinière, Nantes, Pays de la Loire	S3-988370152	3	Institut  Familles	4 Rue Vasco De Gama, Nantes, Loire-Atlantique		0	different business / sibling cluster / other address (default)
1158218	groupe/participations/developpement	S1-648503165	Dinformation Primaire SARL	Dunkerque, Hauts-de-France, 30 Rue Eugène Varlin	S2-377009806	2	E.U.R.L. Dinformation Primaire	32 RUE EUGENE VARLIN, Nord, Dunkerque	0.35694149136543274	0	#32 cluster
1158218	groupe/participations/developpement	S1-648503165	Dinformation Primaire SARL	Dunkerque, Hauts-de-France, 30 Rue Eugène Varlin	S2-467810524	2	Dinformation Pmrgsre Participations SARL	32 RUE EUGÈNE VARLIN, DUNKERQUE, Nord	0.934101402759552	0	Participations #32
1158218	groupe/participations/developpement	S1-648503165	Dinformation Primaire SARL	Dunkerque, Hauts-de-France, 30 Rue Eugène Varlin	S2-560079710	2	Dinformation Primaire	30 RUE EUGÈNE VARLIN, DUNKERQUE, Nord	0.9998290538787842	1	same
1158218	groupe/participations/developpement	S1-648503165	Dinformation Primaire SARL	Dunkerque, Hauts-de-France, 30 Rue Eugène Varlin	S2-959707296	2	Dinformation Prbimaoire SARL	30 RUE EUGÈNE VARLIN, DUNKERQUE, Nord	0.9992637038230896	1	same, typo
1158218	groupe/participations/developpement	S1-648503165	Dinformation Primaire SARL	Dunkerque, Hauts-de-France, 30 Rue Eugène Varlin	S2-859546723	2	DINFORMATION-PRIMAIRE	30 RUE EUGÈNE VARLIN, DUNKERQUE, Nord	0.9997851252555847	1	same
1158218	groupe/participations/developpement	S1-648503165	Dinformation Primaire SARL	Dunkerque, Hauts-de-France, 30 Rue Eugène Varlin	S3-858211998	3	SARL Dinformation Comite	32 R. Eugène Varlin, Dunkerque, Hauts-de-France	0.21290460228919983	0	#32 cluster
1158218	groupe/participations/developpement	S1-648503165	Dinformation Primaire SARL	Dunkerque, Hauts-de-France, 30 Rue Eugène Varlin	S3-936523515	3	DINFORMATION PRIMAIRE SARL	R. Eugène Varlin, Dunkerque, Nord	0.9997194409370422	1	same, no number
1158218	groupe/participations/developpement	S1-648503165	Dinformation Primaire SARL	Dunkerque, Hauts-de-France, 30 Rue Eugène Varlin	S3-877456067	3	Dinformation Primaire  SARL	Dunkerque, Rue Eugène Varlin, Nord	0.9995040893554688	1	same, no number
1158218	groupe/participations/developpement	S1-648503165	Dinformation Primaire SARL	Dunkerque, Hauts-de-France, 30 Rue Eugène Varlin	S2-431445107	2	Dinformation  Comite SARL			0	no address, Comite (sibling name)
1158218	groupe/participations/developpement	S1-648503165	Dinformation Primaire SARL	Dunkerque, Hauts-de-France, 30 Rue Eugène Varlin	S3-142293234	3	Ets Dinformation Sarl			?	no address, Primaire dropped + Ets
839258	groupe/participations/developpement	S1-929528864	Chats Parents SAS	3 Rue des Daims, Pessac, Nouvelle-Aquitaine	S2-330589077	2	Chats-Parents  SAS		0.9961773157119751	?	no address, another Chats Parents SAS
839258	groupe/participations/developpement	S1-929528864	Chats Parents SAS	3 Rue des Daims, Pessac, Nouvelle-Aquitaine	S2-857206394	2	SAS Chats Parents	Gironde, 3 RUE DES DAIMS, Pessac	0.9999825954437256	1	same
839258	groupe/participations/developpement	S1-929528864	Chats Parents SAS	3 Rue des Daims, Pessac, Nouvelle-Aquitaine	S2-202369069	2	Chats Parents  S.A.	24 RUE DES DAIMS, PESSAC	0.13719066977500916	0	#24 cluster
839258	groupe/participations/developpement	S1-929528864	Chats Parents SAS	3 Rue des Daims, Pessac, Nouvelle-Aquitaine	S2-752924734	2	Chats Parents S.A.S	Gironde, 3 R DES DIAMS, PESSAC	0.9904236197471619	1	same, typo
839258	groupe/participations/developpement	S1-929528864	Chats Parents SAS	3 Rue des Daims, Pessac, Nouvelle-Aquitaine	S3-745460565	3	Chats Parents Groupe Sas	Nº 24 R. Des Daism, Pessac, Gironde	0.06911222636699677	0	Groupe #24
839258	groupe/participations/developpement	S1-929528864	Chats Parents SAS	3 Rue des Daims, Pessac, Nouvelle-Aquitaine	S3-160504979	3	PD	12 R Des Daims, Pessac, Nouvelle-Aquitaine	0.0008439722005277872	0	different business / sibling cluster / other address (default)
839258	groupe/participations/developpement	S1-929528864	Chats Parents SAS	3 Rue des Daims, Pessac, Nouvelle-Aquitaine	S2-899288299	2	Chats Parents SAS	NO. 14 AV DE LA DUNE BLANCHE, LÈGE-CAP-FERRET, Gironde		0	different business / sibling cluster / other address (default)
839258	groupe/participations/developpement	S1-929528864	Chats Parents SAS	3 Rue des Daims, Pessac, Nouvelle-Aquitaine	S3-424587183	3	Centre Médical Chats	50 Rue Jean Macé, Dunkerque		0	different business / sibling cluster / other address (default)
839258	groupe/participations/developpement	S1-929528864	Chats Parents SAS	3 Rue des Daims, Pessac, Nouvelle-Aquitaine	S3-711595212	3	Chats  Loisirs EURL	32 Rue De Lyon, Bordeaux		0	different business / sibling cluster / other address (default)
84614	groupe/participations/developpement	S1-600032513	Parc Kolektif Comite SA	17 bis Rue Pierre Brossolette, Mérignac, Nouvelle-Aquitaine	S2-927393943	2	parckolektifcomite.com	17 BIS R PIERRE BROSSOLETTE, MÉRIGNAC	0.9999833106994629	1	domain form
84614	groupe/participations/developpement	S1-600032513	Parc Kolektif Comite SA	17 bis Rue Pierre Brossolette, Mérignac, Nouvelle-Aquitaine	S2-946306443	2	SA Parc Kôlektif Comite	17 B R PIERRE BROSSOLETTE, Mérignac	0.9990103244781494	1	same
84614	groupe/participations/developpement	S1-600032513	Parc Kolektif Comite SA	17 bis Rue Pierre Brossolette, Mérignac, Nouvelle-Aquitaine	S3-471083769	3	Parc-Kolektif Comite SA	17 Bis R. Perre Brossolette, Mérignac, Nouvelle-Aquitaine	0.9987192153930664	1	same
84614	groupe/participations/developpement	S1-600032513	Parc Kolektif Comite SA	17 bis Rue Pierre Brossolette, Mérignac, Nouvelle-Aquitaine	S3-46763209	3	parckolektifcomite.com	Mérignac, Nouvelle-Aquitaine, 17 Bis Rue Pierre Brossolette	0.9999837875366211	1	domain form
84614	groupe/participations/developpement	S1-600032513	Parc Kolektif Comite SA	17 bis Rue Pierre Brossolette, Mérignac, Nouvelle-Aquitaine	S2-290035242	2	parc kolektif comite holding sa	MERIGNAC, 24 BIS R. PIERRE BROSSOLETTE		0	Holding #24bis
84614	groupe/participations/developpement	S1-600032513	Parc Kolektif Comite SA	17 bis Rue Pierre Brossolette, Mérignac, Nouvelle-Aquitaine	S3-625802990	3	Kolektif Fetes	No. 25 Rue Raspail, Lille, Nord		0	different business / sibling cluster / other address (default)
84614	groupe/participations/developpement	S1-600032513	Parc Kolektif Comite SA	17 bis Rue Pierre Brossolette, Mérignac, Nouvelle-Aquitaine	S3-162279019	3	Kolektif Fetes Eurl	No. 25 R Raspail, Lille, Nord		0	different business / sibling cluster / other address (default)
84614	groupe/participations/developpement	S1-600032513	Parc Kolektif Comite SA	17 bis Rue Pierre Brossolette, Mérignac, Nouvelle-Aquitaine	S2-84845015	2	Kolektif Fetes  EURL	25 R RASPAIL, LILLE, Hauts-de-France		0	different business / sibling cluster / other address (default)
84614	groupe/participations/developpement	S1-600032513	Parc Kolektif Comite SA	17 bis Rue Pierre Brossolette, Mérignac, Nouvelle-Aquitaine	S3-375591196	3	Kolektif Fétes EURL	No. 25 Rue Raspail, Lille, Nord		0	different business / sibling cluster / other address (default)
84614	groupe/participations/developpement	S1-600032513	Parc Kolektif Comite SA	17 bis Rue Pierre Brossolette, Mérignac, Nouvelle-Aquitaine	S3-741601274	3	Kolektif Parents EURL	No 38 Rue Raspail, Lille		0	different business / sibling cluster / other address (default)
183646	groupe/participations/developpement	S1-883643347	Roubaix Institut SAS	6 Rue Nain, Roubaix, Hauts-de-France	S2-796634404	2	Roubaix Institut SAS		0.02543504908680916	?	no address, shared name
183646	groupe/participations/developpement	S1-883643347	Roubaix Institut SAS	6 Rue Nain, Roubaix, Hauts-de-France	S2-706091223	2	Roubaix Institut SAS	NO 6 RUE NAIN, ROUBAIX, Hauts-de-France	0.9989044666290283	1	same
183646	groupe/participations/developpement	S1-883643347	Roubaix Institut SAS	6 Rue Nain, Roubaix, Hauts-de-France	S2-597410612	2	Anciens Sâinte Sainte	NO 49 R NAIN, ROUBAIX	0.0004500040668062866	0	different business / sibling cluster / other address (default)
183646	groupe/participations/developpement	S1-883643347	Roubaix Institut SAS	6 Rue Nain, Roubaix, Hauts-de-France	S2-14181856	2	Sainte Sainte Clinique	NO 49 RUE NAIN, Roubaix	0.00034427078207954764	0	different business / sibling cluster / other address (default)
183646	groupe/participations/developpement	S1-883643347	Roubaix Institut SAS	6 Rue Nain, Roubaix, Hauts-de-France	S2-73873886	2	Roubaix Institut	39 RUE DU FNTENOY, ROUBAIX	0.004682860337197781	0	different business / sibling cluster / other address (default)
183646	groupe/participations/developpement	S1-883643347	Roubaix Institut SAS	6 Rue Nain, Roubaix, Hauts-de-France	S2-411269693	2	ROUBAIX INSTITUT SARL		0.004392997827380896	?	no address, shared name
183646	groupe/participations/developpement	S1-883643347	Roubaix Institut SAS	6 Rue Nain, Roubaix, Hauts-de-France	S2-265867668	2	Roubaix Institut SASU	142 RUE DE L'EPEUEL, ROUBAIX	0.0002923459105659276	0	different business / sibling cluster / other address (default)
183646	groupe/participations/developpement	S1-883643347	Roubaix Institut SAS	6 Rue Nain, Roubaix, Hauts-de-France	S3-606880837	3	Roubaix Institut	6 R. Nain, Roubaix, Hauts-de-France	0.9993458390235901	1	same
183646	groupe/participations/developpement	S1-883643347	Roubaix Institut SAS	6 Rue Nain, Roubaix, Hauts-de-France	S3-910151395	3	Roubaix Institut International SAS	8 Rue Nain, Roubaix	3.465183681328199e-06	0	International #8
183646	groupe/participations/developpement	S1-883643347	Roubaix Institut SAS	6 Rue Nain, Roubaix, Hauts-de-France	S3-986381691	3	Roubaix Institut Développement SAS	8 Rue Nain, Roubaix	0.0005571626825258136	0	Developpement #8
183646	groupe/participations/developpement	S1-883643347	Roubaix Institut SAS	6 Rue Nain, Roubaix, Hauts-de-France	S3-645889122	3	ROUBAIX INSTITUT SA		0.0031234838534146547	?	no address, shared name
183646	groupe/participations/developpement	S1-883643347	Roubaix Institut SAS	6 Rue Nain, Roubaix, Hauts-de-France	S2-48389266	2	Roubaix Institut SARL	R DE LA VIGNE, ROUBAIX, Hauts-de-France		0	different business / sibling cluster / other address (default)
183646	groupe/participations/developpement	S1-883643347	Roubaix Institut SAS	6 Rue Nain, Roubaix, Hauts-de-France	S2-139438653	2	ROUBAIX INSTITUT	R. DE LA VIGNE, ROUBAIX, Hauts-de-France		0	different business / sibling cluster / other address (default)
183646	groupe/participations/developpement	S1-883643347	Roubaix Institut SAS	6 Rue Nain, Roubaix, Hauts-de-France	S2-177195196	2	Roubaix Instîtut SARL	RUE DE LA VIGNE, ROUBAIX, Hauts-de-France		0	different business / sibling cluster / other address (default)
1561828	groupe/participations/developpement	S1-266348272	Chemin Groupe (France) SAS	25 Rue de la Première Armée, Pessac, Nouvelle-Aquitaine	S2-946996418	2	Chemin Groupe (France) France Sas	46 RUE DE LA PREMIÈRE ARMÉE, PESSAC, Gironde	0.09135284274816513	0	France #46
1561828	groupe/participations/developpement	S1-266348272	Chemin Groupe (France) SAS	25 Rue de la Première Armée, Pessac, Nouvelle-Aquitaine	S2-743588738	2	Chemin Sportive (France) SAS	(25) RUE DE LA PREMIERE ARMEE, PESSAC	0.006447598338127136	?	same address, Groupe -> Sportive
1561828	groupe/participations/developpement	S1-266348272	Chemin Groupe (France) SAS	25 Rue de la Première Armée, Pessac, Nouvelle-Aquitaine	S2-440321848	2	Chemin Groupe (Frânce) SAS		0.9987078905105591	1	no address, (France) matches S1 only
1561828	groupe/participations/developpement	S1-266348272	Chemin Groupe (France) SAS	25 Rue de la Première Armée, Pessac, Nouvelle-Aquitaine	S3-264947738	3	Chemin Groupe (Frànce) SAS	25 Rue De La Pemière Armée, Pessac, Gironde	0.9996719360351562	1	same
1561828	groupe/participations/developpement	S1-266348272	Chemin Groupe (France) SAS	25 Rue de la Première Armée, Pessac, Nouvelle-Aquitaine	S3-962265007	3	SARL Chemin Groupe	17 Rue Maurice Lanoire, Bordeaux, Nouvelle-Aquitaine		0	different business / sibling cluster / other address (default)
1561828	groupe/participations/developpement	S1-266348272	Chemin Groupe (France) SAS	25 Rue de la Première Armée, Pessac, Nouvelle-Aquitaine	S3-630053731	3	Chemin SARL Groupe	128 - R. Bourbon, Bordeaux		0	different business / sibling cluster / other address (default)
1561828	groupe/participations/developpement	S1-266348272	Chemin Groupe (France) SAS	25 Rue de la Première Armée, Pessac, Nouvelle-Aquitaine	S2-845620010	2	CHEMIN SAS GROUPE	21 PASAGE MOREAU, BORDEAUX		0	different business / sibling cluster / other address (default)
1561828	groupe/participations/developpement	S1-266348272	Chemin Groupe (France) SAS	25 Rue de la Première Armée, Pessac, Nouvelle-Aquitaine	S2-192342073	2	centre médical saint chemin sci	50 R. DE CAUDÉRAN, BORDEAUX		0	different business / sibling cluster / other address (default)
133560	groupe/participations/developpement	S1-49225363	Établissements Gilles SCI	11 Rue du Chevalier de la Barre, Lille, Hauts-de-France	S2-74808694	2	ÉTABLISSEMENTS GILLES DISTRIBUTION	32 R. DU CHEVALIER DE LA BARRE, LILLE, Hauts-de-France	0.00013855154975317419	0	Distribution #32
133560	groupe/participations/developpement	S1-49225363	Établissements Gilles SCI	11 Rue du Chevalier de la Barre, Lille, Hauts-de-France	S2-752800180	2	Établissements Ghelles Développement SCI	32 RUE DU CHEVALIER DE LA BARRE, LILLE, Hauts-de-France	0.0025330863427370787	0	Developpement #32
133560	groupe/participations/developpement	S1-49225363	Établissements Gilles SCI	11 Rue du Chevalier de la Barre, Lille, Hauts-de-France	S2-220807635	2	ÉTABLISSEMENTS GÏLLES SCI	11 RUE DU CHEVALIER DE LA BARRE, LILLE, Hauts-de-France	0.9999953508377075	1	same
133560	groupe/participations/developpement	S1-49225363	Établissements Gilles SCI	11 Rue du Chevalier de la Barre, Lille, Hauts-de-France	S2-601199130	2	Arcorbibrix	9 RUE DU CHEVALIER DE LA BARRE, Lille, Hauts-de-France	0.0369483157992363	0	different business / sibling cluster / other address (default)
133560	groupe/participations/developpement	S1-49225363	Établissements Gilles SCI	11 Rue du Chevalier de la Barre, Lille, Hauts-de-France	S2-647035365	2	Établissements Gilles SCI		0.9943355917930603	1	no address, unique name
133560	groupe/participations/developpement	S1-49225363	Établissements Gilles SCI	11 Rue du Chevalier de la Barre, Lille, Hauts-de-France	S3-875055273	3	Établissements	25 Rue du Chevalier de la Barre, Dunkerque, Hauts-de-France	0.3019099533557892	0	different business / sibling cluster / other address (default)
133560	groupe/participations/developpement	S1-49225363	Établissements Gilles SCI	11 Rue du Chevalier de la Barre, Lille, Hauts-de-France	S3-248452390	3	Établissements Gïlles SCI	11 R. Du Chevalier De La Barre, Lille	0.9999871253967285	1	same
133560	groupe/participations/developpement	S1-49225363	Établissements Gilles SCI	11 Rue du Chevalier de la Barre, Lille, Hauts-de-France	S3-690425876	3	Établissements Gilles SCI	Lille, 11 R Du Chevalier De La Barre	0.9999932050704956	1	same
133560	groupe/participations/developpement	S1-49225363	Établissements Gilles SCI	11 Rue du Chevalier de la Barre, Lille, Hauts-de-France	S3-232561126	3	Amicale Des Gilles			0	different business / sibling cluster / other address (default)
133560	groupe/participations/developpement	S1-49225363	Établissements Gilles SCI	11 Rue du Chevalier de la Barre, Lille, Hauts-de-France	S3-682917568	3	Gilles Mâison SCI			0	different business / sibling cluster / other address (default)
133560	groupe/participations/developpement	S1-49225363	Établissements Gilles SCI	11 Rue du Chevalier de la Barre, Lille, Hauts-de-France	S2-669901889	2	Gilles SCI Amicale	Nº 15 R DES CHÊNES, PESSAC		0	different business / sibling cluster / other address (default)
1010882	groupe/participations/developpement	S1-868332249	Association des Bretons	14 Rue la Bruyère, Calais, Hauts-de-France	S2-63406225	2	Association des Bretons Développement	25 R LA BTUYERE, CALAIS	0.0010204988066107035	0	Developpement #25
1010882	groupe/participations/developpement	S1-868332249	Association des Bretons	14 Rue la Bruyère, Calais, Hauts-de-France	S2-607732470	2	Bretons des Association International	25 RUE LA BRUYÈRE, Calais	2.5679941245471127e-05	0	International #25
1010882	groupe/participations/developpement	S1-868332249	Association des Bretons	14 Rue la Bruyère, Calais, Hauts-de-France	S3-260742363	3	Association des Bretons	14 R La Bruyère, Calais, Hauts-de-France	0.9999539852142334	1	same
1010882	groupe/participations/developpement	S1-868332249	Association des Bretons	14 Rue la Bruyère, Calais, Hauts-de-France	S3-122348496	3	Association des Emuldlsin Développement	Lille, 11 R De La Bruyère, Hauts-de-France	0.01393826026469469	0	different business / sibling cluster / other address (default)
1010882	groupe/participations/developpement	S1-868332249	Association des Bretons	14 Rue la Bruyère, Calais, Hauts-de-France	S3-199811499	3	Ets Bretons Sarl			0	different business / sibling cluster / other address (default)
1010882	groupe/participations/developpement	S1-868332249	Association des Bretons	14 Rue la Bruyère, Calais, Hauts-de-France	S2-540178373	2	ÉCOLE MÀTERNELLE BRETONS	NO. 3 RUE DES MAGNOLIAS, MÉRIGNAC, Gironde		0	different business / sibling cluster / other address (default)
1010882	groupe/participations/developpement	S1-868332249	Association des Bretons	14 Rue la Bruyère, Calais, Hauts-de-France	S3-767015044	3	École maternelle Bretons EURL	3 R Des Magnolias, Merignac, Nouvelle-Aquitaine		0	different business / sibling cluster / other address (default)
1010882	groupe/participations/developpement	S1-868332249	Association des Bretons	14 Rue la Bruyère, Calais, Hauts-de-France	S2-819764779	2	Bretons Lycee SCI	5 R TERNAUX, ROUBAIX, Nord		0	different business / sibling cluster / other address (default)
1010882	groupe/participations/developpement	S1-868332249	Association des Bretons	14 Rue la Bruyère, Calais, Hauts-de-France	S3-885206992	3	École maternelle Bretons  Distribution EURL	24 Rue Des Magnolias, Mérignac, Gironde		0	different business / sibling cluster / other address (default)
1435115	groupe/participations/developpement	S1-573493417	Roubaix Club SAS	Hauts-de-France, 17 rue de la potennerie, 8 Cour Leclercq, Roubaix	S2-557892933	2	Roubaix Club	008 COUR LECLERCQ, ROUBAIX, Nord	0.9962199330329895	1	same, second address part
1435115	groupe/participations/developpement	S1-573493417	Roubaix Club SAS	Hauts-de-France, 17 rue de la potennerie, 8 Cour Leclercq, Roubaix	S2-878985500	2	Roubaix Çlub SAS	008 COUR LECLERCQ, ROUBAIX, Nord	0.9919303059577942	1	same
1435115	groupe/participations/developpement	S1-573493417	Roubaix Club SAS	Hauts-de-France, 17 rue de la potennerie, 8 Cour Leclercq, Roubaix	S2-623422988	2	Roubaix Club Groupe S.A.S.	19 COUR LECLERCQ, 17 RUE DE LA POTENNERIE, ROUBAIX	0.11248453706502914	0	Groupe #19
1435115	groupe/participations/developpement	S1-573493417	Roubaix Club SAS	Hauts-de-France, 17 rue de la potennerie, 8 Cour Leclercq, Roubaix	S3-378356846	3	mj residence sa	17 Rue De La Potennerie, 8 Cour Leclercq, Roubaix		0	co-located different
1435115	groupe/participations/developpement	S1-573493417	Roubaix Club SAS	Hauts-de-France, 17 rue de la potennerie, 8 Cour Leclercq, Roubaix	S3-414076686	3	Roubaix Club Sarl	20 R. De La Potennerie, Roubaix, Hauts-de-France		0	different business / sibling cluster / other address (default)
1435115	groupe/participations/developpement	S1-573493417	Roubaix Club SAS	Hauts-de-France, 17 rue de la potennerie, 8 Cour Leclercq, Roubaix	S2-8517408	2	ROUBAIX ÇLUB SARL	20 R DE LA POTENNERIE, ROUBAIX, Hauts-de-France		0	different business / sibling cluster / other address (default)
1435115	groupe/participations/developpement	S1-573493417	Roubaix Club SAS	Hauts-de-France, 17 rue de la potennerie, 8 Cour Leclercq, Roubaix	S2-408036519	2	Roubaix Club SARL	20 RUE DE LA POTENNERIE, ROUBAIX, Hauts-de-France		0	different business / sibling cluster / other address (default)
1435115	groupe/participations/developpement	S1-573493417	Roubaix Club SAS	Hauts-de-France, 17 rue de la potennerie, 8 Cour Leclercq, Roubaix	S3-131730632	3	Roubaix Club EURL	Roubaix, 31 R. De La Potennerie, Hauts-de-France		0	different business / sibling cluster / other address (default)
1435115	groupe/participations/developpement	S1-573493417	Roubaix Club SAS	Hauts-de-France, 17 rue de la potennerie, 8 Cour Leclercq, Roubaix	S3-421388515	3	SA MJ Residence	8 Cour Leclercq, 17 Rue De La Potennerie, Roubaix		0	different business / sibling cluster / other address (default)
140742	groupe/participations/developpement	S1-65533525	Editions Sportive SARL	111 Quai de la Souys, Bordeaux, Nouvelle-Aquitaine	S2-176789999	2	Editions Sportive S.A.R.L.	111 Q. DE LA SOUYS, BORDEAUX	0.9802916049957275	1	same
140742	groupe/participations/developpement	S1-65533525	Editions Sportive SARL	111 Quai de la Souys, Bordeaux, Nouvelle-Aquitaine	S2-68844498	2	EDITIONS SPORTIVE SARL	111 QUAI DE LA SOUYS, BORDEAUX	0.9999244213104248	1	same
140742	groupe/participations/developpement	S1-65533525	Editions Sportive SARL	111 Quai de la Souys, Bordeaux, Nouvelle-Aquitaine	S2-50978179	2	EDITIONS  SPORTIVE		0.11835909634828568	?	no address, shared name
140742	groupe/participations/developpement	S1-65533525	Editions Sportive SARL	111 Quai de la Souys, Bordeaux, Nouvelle-Aquitaine	S3-122551183	3	Editions Spôrtive SARL	Nouvelle-Aquitaine, 111 Q. De La Siuys, Bordeaux	0.9977012276649475	1	same
140742	groupe/participations/developpement	S1-65533525	Editions Sportive SARL	111 Quai de la Souys, Bordeaux, Nouvelle-Aquitaine	S3-176490138	3	Editions Sportive	111 Quai De La Souys, Bordeaux, Nouvelle-Aquitaine	0.9999122619628906	1	same
140742	groupe/participations/developpement	S1-65533525	Editions Sportive SARL	111 Quai de la Souys, Bordeaux, Nouvelle-Aquitaine	S3-862100198	3	Editions Sportive Développement SARL	132 Quai De La Souys, Bordeaux	0.0002740013296715915	0	Developpement #132
140742	groupe/participations/developpement	S1-65533525	Editions Sportive SARL	111 Quai de la Souys, Bordeaux, Nouvelle-Aquitaine	S3-941507861	3	Editions Sportive	111 Q. De La Souys, Bordeaux, Nouvelle-Aquitaine	0.9998517036437988	1	same
140742	groupe/participations/developpement	S1-65533525	Editions Sportive SARL	111 Quai de la Souys, Bordeaux, Nouvelle-Aquitaine	S2-632149968	2	Editions Sportive	23 R. D'ESPAGNE, ROUBAIX, Hauts-de-France		0	different business / sibling cluster / other address (default)
140742	groupe/participations/developpement	S1-65533525	Editions Sportive SARL	111 Quai de la Souys, Bordeaux, Nouvelle-Aquitaine	S3-634012389	3	SARL Editions Spôrtive	23 Rue D'espagne, Roubaix, Hauts-de-France		0	different business / sibling cluster / other address (default)
140742	groupe/participations/developpement	S1-65533525	Editions Sportive SARL	111 Quai de la Souys, Bordeaux, Nouvelle-Aquitaine	S3-673773866	3	Sarl Editions Sportive	23 Rue D'espagne, Hauts-de-France, Roubaix		0	different business / sibling cluster / other address (default)
140742	groupe/participations/developpement	S1-65533525	Editions Sportive SARL	111 Quai de la Souys, Bordeaux, Nouvelle-Aquitaine	S3-718897342	3	Editions  Sportive	51 R. De La Cotnrie, Nantes		0	different business / sibling cluster / other address (default)
126401	groupe/participations/developpement	S1-197788255	Fédération des Personnel	112 Quai de Brazza, Bordeaux, Nouvelle-Aquitaine	S2-845772761	2	Fédération Personnel SAS	115 Q. DE BRAZZA, BORDEAUX	0.06874266266822815	0	#115 cluster
126401	groupe/participations/developpement	S1-197788255	Fédération des Personnel	112 Quai de Brazza, Bordeaux, Nouvelle-Aquitaine	S2-740339865	2	Fédération  des Personnel	112 Q. DE BRAZZA, BORDEAUX, Gironde	0.999510645866394	1	same
126401	groupe/participations/developpement	S1-197788255	Fédération des Personnel	112 Quai de Brazza, Bordeaux, Nouvelle-Aquitaine	S3-767725731	3	Fédération Personnel		0.08091126382350922	?	no address, shared name
126401	groupe/participations/developpement	S1-197788255	Fédération des Personnel	112 Quai de Brazza, Bordeaux, Nouvelle-Aquitaine	S3-236521144	3	Fédération des Presoln	112 Qeai De Brazza, Bordeaux, Gironde	0.9995237588882446	1	same, typo
126401	groupe/participations/developpement	S1-197788255	Fédération des Personnel	112 Quai de Brazza, Bordeaux, Nouvelle-Aquitaine	S3-778132341	3	Dés Fédération Personnel	112 Quai De Brazza, Bordeaux, Gironde	0.9999347925186157	1	same, reordered
126401	groupe/participations/developpement	S1-197788255	Fédération des Personnel	112 Quai de Brazza, Bordeaux, Nouvelle-Aquitaine	S3-864580166	3	Fédération Des Pèrsonnel	112 Q. De Brazza, Bordeaux, Gironde	0.9992873072624207	1	same
126401	groupe/participations/developpement	S1-197788255	Fédération des Personnel	112 Quai de Brazza, Bordeaux, Nouvelle-Aquitaine	S3-817954072	3	Fédération des Personnel  Services	Bordeaux, 112 Quai De Brazza, Gironde	0.9997937083244324	1	+Services noise, same address
126401	groupe/participations/developpement	S1-197788255	Fédération des Personnel	112 Quai de Brazza, Bordeaux, Nouvelle-Aquitaine	S3-343352759	3	Fédération des Personnel Participations SCI	Nouvelle-Aquitaine, Bordeaux, 0115 Q. De Brazza	0.03470478951931	0	Participations #115
126401	groupe/participations/developpement	S1-197788255	Fédération des Personnel	112 Quai de Brazza, Bordeaux, Nouvelle-Aquitaine	S2-205280726	2	Fédération du Pèrsonnel	15 R DE CASSEL, LILLE		0	different business / sibling cluster / other address (default)
126401	groupe/participations/developpement	S1-197788255	Fédération des Personnel	112 Quai de Brazza, Bordeaux, Nouvelle-Aquitaine	S2-761991461	2	Fédération  du-Personnel	15 RUE DE CASSEL, LILLE		0	different business / sibling cluster / other address (default)
233962	groupe/participations/developpement	S1-519428268	Calais Ecole	18 Rue Dupetit Thouars, Calais, Hauts-de-France	S2-335102217	2	Calais Ecole Holding SARL	48 RUE DUPETIT THOUARS, CALAIS	0.002082252176478505	0	Holding #48
233962	groupe/participations/developpement	S1-519428268	Calais Ecole	18 Rue Dupetit Thouars, Calais, Hauts-de-France	S2-557446771	2	Calais Ecole	CALAIS, Hauts-de-France, NO 18 RUE DUPETIT THOURS	0.999653697013855	1	same
233962	groupe/participations/developpement	S1-519428268	Calais Ecole	18 Rue Dupetit Thouars, Calais, Hauts-de-France	S2-243124264	2	SAS Calais Ecole	18 R. CVAIGNAC, Calais, Hauts-de-France	0.8162962198257446	0	different street (Cavaignac)
233962	groupe/participations/developpement	S1-519428268	Calais Ecole	18 Rue Dupetit Thouars, Calais, Hauts-de-France	S2-619645588	2	Calais Comite	9 RUE DUPETIT THOUARS, CALAIS, Hauts-de-France	0.0032592692878097296	0	different business / sibling cluster / other address (default)
233962	groupe/participations/developpement	S1-519428268	Calais Ecole	18 Rue Dupetit Thouars, Calais, Hauts-de-France	S2-702481457	2	Ehpad Calais SA	074 R. DUPETIT THOUARS, Calais, Hauts-de-France	0.0011264961212873459	0	different business / sibling cluster / other address (default)
233962	groupe/participations/developpement	S1-519428268	Calais Ecole	18 Rue Dupetit Thouars, Calais, Hauts-de-France	S2-148234499	2	EINC Sportive E.U.R.L.	55 RUE DUPETIT THOUARS, CALAIS, Hauts-de-France	5.067365418653935e-05	0	different business / sibling cluster / other address (default)
233962	groupe/participations/developpement	S1-519428268	Calais Ecole	18 Rue Dupetit Thouars, Calais, Hauts-de-France	S2-771423909	2	CALAIS COMITE	48 RUE DUPETIT THOUARS, CALAIS	0.0021011391654610634	0	different business / sibling cluster / other address (default)
233962	groupe/participations/developpement	S1-519428268	Calais Ecole	18 Rue Dupetit Thouars, Calais, Hauts-de-France	S2-419512531	2	Calais Ecole Participations	23 RUE DUPETIT THOUARS, CALAIS	0.002107317093759775	0	Participations #23
233962	groupe/participations/developpement	S1-519428268	Calais Ecole	18 Rue Dupetit Thouars, Calais, Hauts-de-France	S3-250258107	3	Calais Ecole SARL	41 Rue Dupetit Thouars, Calais	0.02045765332877636	0	different business / sibling cluster / other address (default)
233962	groupe/participations/developpement	S1-519428268	Calais Ecole	18 Rue Dupetit Thouars, Calais, Hauts-de-France	S3-751861256	3	Calai Ecole	018 R. Dupetit Thouars, Calais	0.5016064047813416	1	same, typo, exact address
233962	groupe/participations/developpement	S1-519428268	Calais Ecole	18 Rue Dupetit Thouars, Calais, Hauts-de-France	S3-380296076	3	Calais Section  SAS	Calais, 22 Rue Dupetit Thouars	0.00010006735101342201	0	different business / sibling cluster / other address (default)
233962	groupe/participations/developpement	S1-519428268	Calais Ecole	18 Rue Dupetit Thouars, Calais, Hauts-de-France	S3-444402686	3	Calais Ecole SARL	Calais, Hauts-de-France	0.006952549796551466	?	city only, shared name
233962	groupe/participations/developpement	S1-519428268	Calais Ecole	18 Rue Dupetit Thouars, Calais, Hauts-de-France	S3-440781204	3	Calais Ecole EURL	No 52 Rue Dupetit Thouars, Calais, Hauts-de-France	0.11838509887456894	0	#52 cluster
233962	groupe/participations/developpement	S1-519428268	Calais Ecole	18 Rue Dupetit Thouars, Calais, Hauts-de-France	S3-264136519	3	Calais Ecole	018 R Dupetit Thouars, Calais	0.9948070645332336	1	same
233962	groupe/participations/developpement	S1-519428268	Calais Ecole	18 Rue Dupetit Thouars, Calais, Hauts-de-France	S3-40727149	3	LS	Lille, Nord, 11 R Dupetit-thouars	0.00021771933825220913	0	different business / sibling cluster / other address (default)
233962	groupe/participations/developpement	S1-519428268	Calais Ecole	18 Rue Dupetit Thouars, Calais, Hauts-de-France	S3-365882799	3	Deltakeloorbi	Nº 28 Rue Dupetit Thouars, Calais	0.0011776592582464218	0	different business / sibling cluster / other address (default)
233962	groupe/participations/developpement	S1-519428268	Calais Ecole	18 Rue Dupetit Thouars, Calais, Hauts-de-France	S3-473845364	3	Calais Amicale Développement	No 52 Rue Dupetit Thouars, Calais, Hauts-de-France	0.009154575876891613	0	Developpement #52
233962	groupe/participations/developpement	S1-519428268	Calais Ecole	18 Rue Dupetit Thouars, Calais, Hauts-de-France	S3-936694555	3	Calais Holding Ecole	23 Rue Dupetit Thouars, Calais, Hauts-de-France	0.001103317248634994	0	Holding #23
233962	groupe/participations/developpement	S1-519428268	Calais Ecole	18 Rue Dupetit Thouars, Calais, Hauts-de-France	S3-940455034	3	Calais Compagnie SAS	15 Rue Dupetit Thouars, Calais, Pas-de-Calais		0	different business / sibling cluster / other address (default)
1424827	groupe/participations/developpement	S1-176220714	Futsal Service	23 BD Gambetta, Appartement 316 Residence, Roubaix, Hauts-de-France	S2-44953932	2	Futsal Service	23 BD GAMBETTA, APPARTEMENT 316 RESIDENCE, ROUBAIX	0.9999756813049316	1	same
1424827	groupe/participations/developpement	S1-176220714	Futsal Service	23 BD Gambetta, Appartement 316 Residence, Roubaix, Hauts-de-France	S3-855038788	3	FUTSAL SERVICE	Hauts-de-France, Appartement 316 Residence, Roubaix, 23 Bd Gambetta	0.9999833106994629	1	same
1424827	groupe/participations/developpement	S1-176220714	Futsal Service	23 BD Gambetta, Appartement 316 Residence, Roubaix, Hauts-de-France	S3-935301279	3	Futsal Institut SAS	23 Bd Gambetta, Roubaix, Hauts-de-France	0.004655218217521906	?	same address, Service -> Institut
1424827	groupe/participations/developpement	S1-176220714	Futsal Service	23 BD Gambetta, Appartement 316 Residence, Roubaix, Hauts-de-France	S3-75687643	3	Futsal Service Développement	34 Bd Gametta, Roubaix	0.0007507874397560954	0	Developpement #34
1424827	groupe/participations/developpement	S1-176220714	Futsal Service	23 BD Gambetta, Appartement 316 Residence, Roubaix, Hauts-de-France	S3-971014190	3	Futsal Service	33 R. Marceau, Calais, Pas-de-Calais		0	different business / sibling cluster / other address (default)
1424827	groupe/participations/developpement	S1-176220714	Futsal Service	23 BD Gambetta, Appartement 316 Residence, Roubaix, Hauts-de-France	S2-32892854	2	Futsal Service SARL	32 R DES HANNETONS, LILLE, Hauts-de-France		0	different business / sibling cluster / other address (default)
1424827	groupe/participations/developpement	S1-176220714	Futsal Service	23 BD Gambetta, Appartement 316 Residence, Roubaix, Hauts-de-France	S2-570380662	2	Futsal Service EURL	97 AVENUE DE LA BARAUDIERE, SAINT-HERBLAIN		0	different business / sibling cluster / other address (default)
1424827	groupe/participations/developpement	S1-176220714	Futsal Service	23 BD Gambetta, Appartement 316 Residence, Roubaix, Hauts-de-France	S2-222971715	2	Futsal  Foyer			0	different business / sibling cluster / other address (default)
453399	groupe/participations/developpement	S1-701104429	Proprietaires & Frères EURL	31 Boulevard du Massacre, Saint-Herblain, Pays de la Loire	S2-23016736	2	Proprietaires & Frères Holding EURL	35 BOULEARD DU MASSACRE, SAINT-HERBLAIN, Loire-Atlantique	0.0005602171295322478	0	Holding #35
453399	groupe/participations/developpement	S1-701104429	Proprietaires & Frères EURL	31 Boulevard du Massacre, Saint-Herblain, Pays de la Loire	S2-655307403	2	Proprietaires & Frères Développement EURL	35 BOULEVARD DU MASSACRE, SAINT-HERBLAIN, Loire-Atlantique	0.00015276791236829013	0	Developpement #35
453399	groupe/participations/developpement	S1-701104429	Proprietaires & Frères EURL	31 Boulevard du Massacre, Saint-Herblain, Pays de la Loire	S2-130172075	2	Proprietaires & Frèrés SARL	27 R DE LA TANNERIE, NANTES, Loire-Atlantique		0	different business / sibling cluster / other address (default)
453399	groupe/participations/developpement	S1-701104429	Proprietaires & Frères EURL	31 Boulevard du Massacre, Saint-Herblain, Pays de la Loire	S3-279236903	3	Proprietaires  & Frères SARL	27 R De La Tannerie, Nantes, Pays de la Loire		0	different business / sibling cluster / other address (default)
453399	groupe/participations/developpement	S1-701104429	Proprietaires & Frères EURL	31 Boulevard du Massacre, Saint-Herblain, Pays de la Loire	S2-912979755	2	Proprietaires + Frères SARL	27 R DE LA TANNERIE, NANTES, Loire-Atlantique		0	different business / sibling cluster / other address (default)
453399	groupe/participations/developpement	S1-701104429	Proprietaires & Frères EURL	31 Boulevard du Massacre, Saint-Herblain, Pays de la Loire	S2-453144957	2	Proprietaires & Frèrës SARL	#48 R. DE LA DERMURIE, SAINT-NAZAIRE		0	different business / sibling cluster / other address (default)
453399	groupe/participations/developpement	S1-701104429	Proprietaires & Frères EURL	31 Boulevard du Massacre, Saint-Herblain, Pays de la Loire	S3-253652122	3	Proprietaires & [Frères]	42 Avenue Mozart, Pessac, Gironde		0	different business / sibling cluster / other address (default)
453399	groupe/participations/developpement	S1-701104429	Proprietaires & Frères EURL	31 Boulevard du Massacre, Saint-Herblain, Pays de la Loire	S3-519587957	3	PROPRIETAIRES & FRÈRES	42 Av Mozart, Pessac, Gironde		0	different business / sibling cluster / other address (default)
453399	groupe/participations/developpement	S1-701104429	Proprietaires & Frères EURL	31 Boulevard du Massacre, Saint-Herblain, Pays de la Loire	S2-496693953	2	Proprietaires & Frères Sas	8 ALLÉE ANITA CONTI, SAINT-NAZAIRE		0	different business / sibling cluster / other address (default)
690997	groupe/participations/developpement	S1-598318480	The Pharmacie SCI	Pays de la Loire, Nantes, 15 Avenue Guillon	S2-493323274	2	Pharmacie Sainte SCI	Pays de la Loire, NANTES, 15 PAS SAINT YEVS	0.10964356362819672	0	different business / sibling cluster / other address (default)
690997	groupe/participations/developpement	S1-598318480	The Pharmacie SCI	Pays de la Loire, Nantes, 15 Avenue Guillon	S2-374472856	2	The Phàrmacie SCI		0.22443552315235138	?	no address, other 'pharmacie the' entities
690997	groupe/participations/developpement	S1-598318480	The Pharmacie SCI	Pays de la Loire, Nantes, 15 Avenue Guillon	S2-78651832	2	The Pharmacie	15 AV GUILLON, NANTES, Pays de la Loire	0.9985482096672058	1	same
690997	groupe/participations/developpement	S1-598318480	The Pharmacie SCI	Pays de la Loire, Nantes, 15 Avenue Guillon	S2-644118157	2	Lassociation (Fsance) Centre SA	Pays de la Loire, NANTES, 15 AV GUILLON	0.007912743836641312	0	different business / sibling cluster / other address (default)
690997	groupe/participations/developpement	S1-598318480	The Pharmacie SCI	Pays de la Loire, Nantes, 15 Avenue Guillon	S2-305104068	2	PC Pharmacie-EURL		0.02297498844563961	0	different business / sibling cluster / other address (default)
690997	groupe/participations/developpement	S1-598318480	The Pharmacie SCI	Pays de la Loire, Nantes, 15 Avenue Guillon	S3-462209201	3	The Pharmacie Distribution SCI	No. 18 Avenue Guillon, Nantes	0.0005699124885722995	0	Distribution #18
690997	groupe/participations/developpement	S1-598318480	The Pharmacie SCI	Pays de la Loire, Nantes, 15 Avenue Guillon	S3-327082977	3	Pharmacie	4 Rue Guillaume Apollinaire, Saint-Nazaire, Pays de la Loire	9.554730058880523e-05	0	different business / sibling cluster / other address (default)
690997	groupe/participations/developpement	S1-598318480	The Pharmacie SCI	Pays de la Loire, Nantes, 15 Avenue Guillon	S3-249295968	3	The Pharmacie  SCI	15 Avenue Guillon, Nantes, Pays de la Loire	0.9999381303787231	1	same
690997	groupe/participations/developpement	S1-598318480	The Pharmacie SCI	Pays de la Loire, Nantes, 15 Avenue Guillon	S3-146326575	3	Rizawex Co t/a The Pharmacie SCI	15 Avenue Guillon, Nantes, Pays de la Loire	0.9976745247840881	1	trading as
690997	groupe/participations/developpement	S1-598318480	The Pharmacie SCI	Pays de la Loire, Nantes, 15 Avenue Guillon	S3-941609115	3	The Etablissement SCI	15 Ave Guillon, Nantes, Pays de la Loire	0.8650733828544617	?	same address, Pharmacie -> Etablissement
690997	groupe/participations/developpement	S1-598318480	The Pharmacie SCI	Pays de la Loire, Nantes, 15 Avenue Guillon	S3-672259621	3	The  Pharmacie SCI	15 Ave Guillon, Nantes, Pays de la Loire	0.9999186992645264	1	same
690997	groupe/participations/developpement	S1-598318480	The Pharmacie SCI	Pays de la Loire, Nantes, 15 Avenue Guillon	S2-68972253	2	NV PHARMACIE			0	different business / sibling cluster / other address (default)
690997	groupe/participations/developpement	S1-598318480	The Pharmacie SCI	Pays de la Loire, Nantes, 15 Avenue Guillon	S2-301288074	2	pharmacie the	1 - RUE CHARLES PÉGUY, LILLE, Nord		0	different business / sibling cluster / other address (default)
690997	groupe/participations/developpement	S1-598318480	The Pharmacie SCI	Pays de la Loire, Nantes, 15 Avenue Guillon	S2-539665260	2	PHARMACIE THE SA	9 R CHARLES PÉGUY, LILLE		0	different business / sibling cluster / other address (default)
235326	groupe/participations/developpement	S1-63048830	Arts Ecole SAS	37 Boulevard de l’Atlantique, La Teste-de-Buch, Nouvelle-Aquitaine	S2-276606627	2	SAS ARTS ECOLE	37 BOULEVARD DE L’ATLANTIQUE, La Teste-de-Buch, Nouvelle-Aquitaine	0.9993312358856201	1	same
235326	groupe/participations/developpement	S1-63048830	Arts Ecole SAS	37 Boulevard de l’Atlantique, La Teste-de-Buch, Nouvelle-Aquitaine	S2-448318184	2	ARTS ECOLE-SAS	37 BOULEVARD DE L’ATLANTIQUE, LA TESTE-DE-BUCH, Nouvelle-Aquitaine	0.9997915625572205	1	same
235326	groupe/participations/developpement	S1-63048830	Arts Ecole SAS	37 Boulevard de l’Atlantique, La Teste-de-Buch, Nouvelle-Aquitaine	S2-442810327	2	Arts Ecole S.A.S	LA TESTE-DE-BUCH, 37 BOULEVARD DE L’ATLANTIQUE, Nouvelle-Aquitaine	0.998043417930603	1	same
235326	groupe/participations/developpement	S1-63048830	Arts Ecole SAS	37 Boulevard de l’Atlantique, La Teste-de-Buch, Nouvelle-Aquitaine	S2-654538337	2	Arts Ecole SARL	LA TESTE-DE-BUCH, Gironde, 039 BOULEVARD DE L’ATLANTIQUE	0.009242618456482887	?	number 39 vs 37, single
235326	groupe/participations/developpement	S1-63048830	Arts Ecole SAS	37 Boulevard de l’Atlantique, La Teste-de-Buch, Nouvelle-Aquitaine	S3-238688613	3	Arts Ecole SAS	32 Rue De Lycn, Mérignac, Nouvelle-Aquitaine	0.0039039221592247486	0	different business / sibling cluster / other address (default)
235326	groupe/participations/developpement	S1-63048830	Arts Ecole SAS	37 Boulevard de l’Atlantique, La Teste-de-Buch, Nouvelle-Aquitaine	S3-896434153	3	Arts Ecole  SAS	37 Bd. De L’atlantilue, La Teste-de-buch, Nouvelle-Aquitaine	0.999437153339386	1	same, typo
235326	groupe/participations/developpement	S1-63048830	Arts Ecole SAS	37 Boulevard de l’Atlantique, La Teste-de-Buch, Nouvelle-Aquitaine	S3-438981638	3	Arts Ecole Sas	32 Rue De Lyon, Merignac, Nouvelle-Aquitaine		0	different business / sibling cluster / other address (default)
235326	groupe/participations/developpement	S1-63048830	Arts Ecole SAS	37 Boulevard de l’Atlantique, La Teste-de-Buch, Nouvelle-Aquitaine	S3-742752505	3	Arts Ecole	22 Rue De Sailé, Saint-nazaire, Pays de la Loire		0	different business / sibling cluster / other address (default)
235326	groupe/participations/developpement	S1-63048830	Arts Ecole SAS	37 Boulevard de l’Atlantique, La Teste-de-Buch, Nouvelle-Aquitaine	S3-117648751	3	Arts Ecole SASU	6 Avenue De La Plage Pyla, La Teste-de-buch, Gironde		0	different business / sibling cluster / other address (default)
235326	groupe/participations/developpement	S1-63048830	Arts Ecole SAS	37 Boulevard de l’Atlantique, La Teste-de-Buch, Nouvelle-Aquitaine	S3-777336827	3	Arts  Ecole EURL	2 Avenue De La Plage Pyla, La Teste-de-buch, Nouvelle-Aquitaine		0	different business / sibling cluster / other address (default)
18130	groupe/participations/developpement	S1-935138038	Chasse Amis	5 Rue de Madagascar, Lille, Hauts-de-France	S2-384147374	2	Chasse Amis	RUE DE MADAGASCAR, LILLE, Nord	0.9994402527809143	1	same, no number
18130	groupe/participations/developpement	S1-935138038	Chasse Amis	5 Rue de Madagascar, Lille, Hauts-de-France	S2-598761902	2	Chasse Amis SARL		0.004213518928736448	?	no address, shared name
18130	groupe/participations/developpement	S1-935138038	Chasse Amis	5 Rue de Madagascar, Lille, Hauts-de-France	S3-398337785	3	Chasse Amis		0.015825854614377022	?	no address, shared name
18130	groupe/participations/developpement	S1-935138038	Chasse Amis	5 Rue de Madagascar, Lille, Hauts-de-France	S3-852135787	3	iqipatrimoinesarl.com	50 R. De Madagascar, Lille, Nord	0.00125081033911556	0	different business / sibling cluster / other address (default)
18130	groupe/participations/developpement	S1-935138038	Chasse Amis	5 Rue de Madagascar, Lille, Hauts-de-France	S3-48377983	3	Chasse Amis Sasu		0.003681701375171542	?	no address, shared name
18130	groupe/participations/developpement	S1-935138038	Chasse Amis	5 Rue de Madagascar, Lille, Hauts-de-France	S3-544105186	3	chasse amis	5 Rue De Madagascar, Lille, Nord	0.9985550045967102	1	same
18130	groupe/participations/developpement	S1-935138038	Chasse Amis	5 Rue de Madagascar, Lille, Hauts-de-France	S3-131711810	3	Chasse Àmis SARL		0.003732986282557249	?	no address, shared name
18130	groupe/participations/developpement	S1-935138038	Chasse Amis	5 Rue de Madagascar, Lille, Hauts-de-France	S3-382835664	3	Chasse Amis SAS	22 Rue Hoche, Bordeaux, Nouvelle-Aquitaine		0	different business / sibling cluster / other address (default)
18130	groupe/participations/developpement	S1-935138038	Chasse Amis	5 Rue de Madagascar, Lille, Hauts-de-France	S3-947345632	3	Chasse Amis SAS	57 R. De Flers, Lille, Hauts-de-France		0	different business / sibling cluster / other address (default)
227146	groupe/participations/developpement	S1-292454956	Clinique de la Alliance	37 Rue Dupleix, Tourcoing, Hauts-de-France	S2-598952071	2	Clinique  de la Alliance Et Fils	37 RUE DUPLEIX, TOURCOING	0.9936977028846741	?	same address, + Et Fils
227146	groupe/participations/developpement	S1-292454956	Clinique de la Alliance	37 Rue Dupleix, Tourcoing, Hauts-de-France	S2-285674504	2	#CLINIQUEALLIANCE	37 RUE DUPLEIX, TOURCOING	0.9999874830245972	1	hashtag form, exact address
227146	groupe/participations/developpement	S1-292454956	Clinique de la Alliance	37 Rue Dupleix, Tourcoing, Hauts-de-France	S3-350367686	3	Clinique de la Alliance (SAS)	37 R. Dupleix, Tourcoing, Nord	0.9879807829856873	1	same
227146	groupe/participations/developpement	S1-292454956	Clinique de la Alliance	37 Rue Dupleix, Tourcoing, Hauts-de-France	S2-526209056	2	CENTRE MÉDICAL  SAINT ALLIANCE	Nouvelle-Aquitaine, R. SAINT-FRANÇOIS, BORDEAUX		0	different business / sibling cluster / other address (default)
227146	groupe/participations/developpement	S1-292454956	Clinique de la Alliance	37 Rue Dupleix, Tourcoing, Hauts-de-France	S3-90732455	3	Alliance çlub SAS			0	different business / sibling cluster / other address (default)
227146	groupe/participations/developpement	S1-292454956	Clinique de la Alliance	37 Rue Dupleix, Tourcoing, Hauts-de-France	S2-104665533	2	ALLIANCE CLUB SAS	15 RUE DE DIPPE, LILLE, Hauts-de-France		0	different business / sibling cluster / other address (default)
227146	groupe/participations/developpement	S1-292454956	Clinique de la Alliance	37 Rue Dupleix, Tourcoing, Hauts-de-France	S3-764462710	3	Centre Médical Sainte Alliance Participations SAS	67 Bis R De Nuits, Nouvelle-Aquitaine, Bordeaux		0	different business / sibling cluster / other address (default)
227146	groupe/participations/developpement	S1-292454956	Clinique de la Alliance	37 Rue Dupleix, Tourcoing, Hauts-de-France	S3-390242488	3	Pharmacie de Alliance  Et Fils			0	different business / sibling cluster / other address (default)
1062253	groupe/participations/developpement	S1-150059908	AIX Comite SARL	22 Rue Pierre Dupont, Nantes, Pays de la Loire	S2-399242911	2	AIX  Societe SARL	22 R PIERRE DUPONT, NANTES, Pays de la Loire	0.9886602163314819	?	same address, Comite -> Societe
1062253	groupe/participations/developpement	S1-150059908	AIX Comite SARL	22 Rue Pierre Dupont, Nantes, Pays de la Loire	S2-224598899	2	IX ÇOMITE SARL	22 RUE PIERRE DUPONT, NANTES, Pays de la Loire	0.09473761171102524	1	typo IX for AIX, exact address
1062253	groupe/participations/developpement	S1-150059908	AIX Comite SARL	22 Rue Pierre Dupont, Nantes, Pays de la Loire	S3-682917543	3	AIX Ecole	No 43 R Pierre Dupont, Nantes	0.006880668457597494	0	different business / sibling cluster / other address (default)
1062253	groupe/participations/developpement	S1-150059908	AIX Comite SARL	22 Rue Pierre Dupont, Nantes, Pays de la Loire	S2-964729147	2	Nantes Amis	43 R. PIERRE DUPONT, NANTES, Pays de la Loire		0	different business / sibling cluster / other address (default)
1062253	groupe/participations/developpement	S1-150059908	AIX Comite SARL	22 Rue Pierre Dupont, Nantes, Pays de la Loire	S3-488570487	3	Nantes Maison	20 R Pierre Dupont, Nantes		0	different business / sibling cluster / other address (default)
1062253	groupe/participations/developpement	S1-150059908	AIX Comite SARL	22 Rue Pierre Dupont, Nantes, Pays de la Loire	S2-221845842	2	Nantes  Parents	NANTES, 15 R PIERRE DUPONT, Loire-Atlantique		0	different business / sibling cluster / other address (default)
1062253	groupe/participations/developpement	S1-150059908	AIX Comite SARL	22 Rue Pierre Dupont, Nantes, Pays de la Loire	S3-81585170	3	Nantes Parents	Loire-Atlantique, 15 Rue Pierre Dupont, Nantes		0	different business / sibling cluster / other address (default)
1062253	groupe/participations/developpement	S1-150059908	AIX Comite SARL	22 Rue Pierre Dupont, Nantes, Pays de la Loire	S2-30551398	2	vie comite sas	7 - RUE PIERRE DUPONT, LILLE		0	different business / sibling cluster / other address (default)
1062253	groupe/participations/developpement	S1-150059908	AIX Comite SARL	22 Rue Pierre Dupont, Nantes, Pays de la Loire	S3-647007827	3	Pharmacie	53 Rue Pierre Dupont, Nantes, Pays de la Loire		0	different business / sibling cluster / other address (default)
819992	groupe/participations/developpement	S1-349014679	Promotion & Frères SA	22 Avenue d'Armorique, La Baule-Escoublac, Pays de la Loire	S2-587600584	2	Promotion et Frères SARL		0.04971948638558388	?	no address, shared name
819992	groupe/participations/developpement	S1-349014679	Promotion & Frères SA	22 Avenue d'Armorique, La Baule-Escoublac, Pays de la Loire	S2-952809038	2	Promotion & Frères Sarl		0.10817321389913559	?	no address, shared name
819992	groupe/participations/developpement	S1-349014679	Promotion & Frères SA	22 Avenue d'Armorique, La Baule-Escoublac, Pays de la Loire	S2-364448117	2	Promotion & Frères Holding SA	LA BAULE ESCOUBLAC, Pays de la Loire, 23 AVENUE D'ARMORIQUE	0.0014499030075967312	0	Holding #23
819992	groupe/participations/developpement	S1-349014679	Promotion & Frères SA	22 Avenue d'Armorique, La Baule-Escoublac, Pays de la Loire	S3-726710195	3	Promotion & Frèrès SA	22 Avenue D'armorique, La Baule Escoublac	0.9997789263725281	1	same
819992	groupe/participations/developpement	S1-349014679	Promotion & Frères SA	22 Avenue d'Armorique, La Baule-Escoublac, Pays de la Loire	S3-273822231	3	Promotion &-Frères		0.103536456823349	?	no address, shared name
819992	groupe/participations/developpement	S1-349014679	Promotion & Frères SA	22 Avenue d'Armorique, La Baule-Escoublac, Pays de la Loire	S3-518209586	3	Promotion & Frères SARL	7 - Rue Thiers, Dunkerque		0	different business / sibling cluster / other address (default)
819992	groupe/participations/developpement	S1-349014679	Promotion & Frères SA	22 Avenue d'Armorique, La Baule-Escoublac, Pays de la Loire	S3-570144300	3	promotion & frères sarl	No 42 Rue Franklin, Dunkerque		0	different business / sibling cluster / other address (default)
819992	groupe/participations/developpement	S1-349014679	Promotion & Frères SA	22 Avenue d'Armorique, La Baule-Escoublac, Pays de la Loire	S3-870194503	3	Promotion & Frères Sarl	No 42 Rue Franklin, Dunkerque		0	different business / sibling cluster / other address (default)
819992	groupe/participations/developpement	S1-349014679	Promotion & Frères SA	22 Avenue d'Armorique, La Baule-Escoublac, Pays de la Loire	S3-136462104	3	Promotion & Frères	14 Rue Des Bouchers, Lille, Hauts-de-France		0	different business / sibling cluster / other address (default)
896279	groupe/participations/developpement	S1-84055758	Conscrits Amicale SARL	65 Avenue de l'Hallali, La Baule-Escoublac, Pays de la Loire	S2-481868062	2	Conscrits Amicale	65 AVENUE DE L'HALLALI, LA BAULE-ESCOUBLAC	0.9996776580810547	1	same
896279	groupe/participations/developpement	S1-84055758	Conscrits Amicale SARL	65 Avenue de l'Hallali, La Baule-Escoublac, Pays de la Loire	S2-278630890	2	Conscrits Amicale S.A.R.L.	LA BAULE ESCOUBLAC, 65 AVENUE DE L'HALLALI	0.9991890788078308	1	same
896279	groupe/participations/developpement	S1-84055758	Conscrits Amicale SARL	65 Avenue de l'Hallali, La Baule-Escoublac, Pays de la Loire	S3-35400688	3	Conscrits Amicale Sarl		0.3192746341228485	?	no address, shared name
896279	groupe/participations/developpement	S1-84055758	Conscrits Amicale SARL	65 Avenue de l'Hallali, La Baule-Escoublac, Pays de la Loire	S3-645911045	3	Conscrits  Amicale SCI	86 Av. De L'hallali, La Baule-escoublac, Loire-Atlantique	0.00043497615843079984	0	#86 other
896279	groupe/participations/developpement	S1-84055758	Conscrits Amicale SARL	65 Avenue de l'Hallali, La Baule-Escoublac, Pays de la Loire	S3-866743965	3	Conscrits Amicale	65 Avenue De L'hallali, La Baule-escoublac, Pays de la Loire	0.998753547668457	1	same
896279	groupe/participations/developpement	S1-84055758	Conscrits Amicale SARL	65 Avenue de l'Hallali, La Baule-Escoublac, Pays de la Loire	S3-939103472	3	Conscrits Amicale SARL	65 Avenue De L'hallali, La Baule-escoublac, Pays de la Loire	0.9971690773963928	1	same
896279	groupe/participations/developpement	S1-84055758	Conscrits Amicale SARL	65 Avenue de l'Hallali, La Baule-Escoublac, Pays de la Loire	S3-912548325	3	Conscrits Amicale SASU		0.05146583914756775	?	no address, shared name
896279	groupe/participations/developpement	S1-84055758	Conscrits Amicale SARL	65 Avenue de l'Hallali, La Baule-Escoublac, Pays de la Loire	S3-705447938	3	Conscrits Amicale  SARL	65 Avenue De L'hallali, La Baule-escoublac, Pays de la Loire	0.9985252022743225	1	same
896279	groupe/participations/developpement	S1-84055758	Conscrits Amicale SARL	65 Avenue de l'Hallali, La Baule-Escoublac, Pays de la Loire	S3-154590810	3	Conscrits Amicale Sas	0042 Avenue De L’atlantique, Lège-cap-ferret		0	different business / sibling cluster / other address (default)
494147	groupe/participations/developpement	S1-503791766	Bordeaux Institut EURL	32 Rue Fernand Marin, Bordeaux, Nouvelle-Aquitaine	S2-93836923	2	BORDEAUX EURL [GROUPE]	RUE FERNAND MARIN, BORDEAUX, Nouvelle-Aquitaine	0.028131943196058273	0	Groupe, Institut dropped
494147	groupe/participations/developpement	S1-503791766	Bordeaux Institut EURL	32 Rue Fernand Marin, Bordeaux, Nouvelle-Aquitaine	S2-373501068	2	EURL 8ordeaux Institut	Bordeaux, Nouvelle-Aquitaine, R FERNNAD MARIN	0.9974637031555176	1	same, OCR/typos, no number
494147	groupe/participations/developpement	S1-503791766	Bordeaux Institut EURL	32 Rue Fernand Marin, Bordeaux, Nouvelle-Aquitaine	S2-478816280	2	Bordeaux Institut SARL	32 RUE CONDORCET, BORDEAUX, Nouvelle-Aquitaine	0.9292295575141907	0	different street (Condorcet)
494147	groupe/participations/developpement	S1-503791766	Bordeaux Institut EURL	32 Rue Fernand Marin, Bordeaux, Nouvelle-Aquitaine	S3-25176675	3	Bordeaux Institut  EURL	32 R. Fernand Marin, Bordeaux, Gironde	0.9998912811279297	1	same
494147	groupe/participations/developpement	S1-503791766	Bordeaux Institut EURL	32 Rue Fernand Marin, Bordeaux, Nouvelle-Aquitaine	S3-198255714	3	Fluxgild	37 Rue Fernand Marin, Bordeaux, Nouvelle-Aquitaine	0.04984953999519348	0	different business / sibling cluster / other address (default)
494147	groupe/participations/developpement	S1-503791766	Bordeaux Institut EURL	32 Rue Fernand Marin, Bordeaux, Nouvelle-Aquitaine	S3-902365585	3	arcmaisonsasu.com	42 Rue Fernand Marin, Bordeaux	0.0071900528855621815	0	different business / sibling cluster / other address (default)
494147	groupe/participations/developpement	S1-503791766	Bordeaux Institut EURL	32 Rue Fernand Marin, Bordeaux, Nouvelle-Aquitaine	S3-582607664	3	Bordeaux Institut Holding  EURL	33 R. Fernand Marin, Bordeaux, Gironde	0.0010030168341472745	0	Holding #33
494147	groupe/participations/developpement	S1-503791766	Bordeaux Institut EURL	32 Rue Fernand Marin, Bordeaux, Nouvelle-Aquitaine	S2-250094254	2	BORDEAUX INSTITUT			?	no address, shared name
494147	groupe/participations/developpement	S1-503791766	Bordeaux Institut EURL	32 Rue Fernand Marin, Bordeaux, Nouvelle-Aquitaine	S3-89158500	3	Bordeaux Institut	15 Rue Frere, Bordeaux, Gironde		0	different business / sibling cluster / other address (default)
494147	groupe/participations/developpement	S1-503791766	Bordeaux Institut EURL	32 Rue Fernand Marin, Bordeaux, Nouvelle-Aquitaine	S2-241929172	2	BORDEAUX INSTITUT SARL	15 R. FRERE, BORDEAUX, Nouvelle-Aquitaine		0	different business / sibling cluster / other address (default)
494147	groupe/participations/developpement	S1-503791766	Bordeaux Institut EURL	32 Rue Fernand Marin, Bordeaux, Nouvelle-Aquitaine	S2-415649120	2	Bordeaux Parents	27 RUE FERNAND MARIN, BORDEAUX, Gironde		0	different business / sibling cluster / other address (default)
494147	groupe/participations/developpement	S1-503791766	Bordeaux Institut EURL	32 Rue Fernand Marin, Bordeaux, Nouvelle-Aquitaine	S2-872864717	2	BORDEAUX INSTITUT	27 - RUE DE CENON, BORDEAUX, Nouvelle-Aquitaine		0	different business / sibling cluster / other address (default)
1054323	groupe/participations/developpement	S1-734977071	Ets Chasseurs SAS	7 Rue Lepelletier, Lille, Hauts-de-France	S2-334983484	2	Ets Chasseurs Holding SAS	12 RUE LEPELLETIER, LILLE	0.00280213775113225	0	Holding #12
1054323	groupe/participations/developpement	S1-734977071	Ets Chasseurs SAS	7 Rue Lepelletier, Lille, Hauts-de-France	S2-782395780	2	Ets Chasseurs SAS		0.07112471759319305	?	no address, several Ets Chasseurs in Lille
1054323	groupe/participations/developpement	S1-734977071	Ets Chasseurs SAS	7 Rue Lepelletier, Lille, Hauts-de-France	S2-469017770	2	Ets Chasseurs Développement [SAS]	12 R. LEPELLETIER, LILLE	0.0013725339667871594	0	Developpement #12
1054323	groupe/participations/developpement	S1-734977071	Ets Chasseurs SAS	7 Rue Lepelletier, Lille, Hauts-de-France	S2-41091290	2	Ets-Chasseurs SASU		0.007934119552373886	?	no address, shared
1054323	groupe/participations/developpement	S1-734977071	Ets Chasseurs SAS	7 Rue Lepelletier, Lille, Hauts-de-France	S2-846301354	2	Ets Chasseurs SARL		0.008048050105571747	?	no address, shared
1054323	groupe/participations/developpement	S1-734977071	Ets Chasseurs SAS	7 Rue Lepelletier, Lille, Hauts-de-France	S2-428329947	2	ets chasseurs	85 RUE DES SARRAZINS, LILLE, Hauts-de-France	0.0017519094981253147	0	different business / sibling cluster / other address (default)
1054323	groupe/participations/developpement	S1-734977071	Ets Chasseurs SAS	7 Rue Lepelletier, Lille, Hauts-de-France	S2-846732455	2	Ets Chasseurs		0.021769510582089424	?	no address, shared
1054323	groupe/participations/developpement	S1-734977071	Ets Chasseurs SAS	7 Rue Lepelletier, Lille, Hauts-de-France	S3-256560659	3	Ets  Chasseurs	Hauts-de-France, 41 Rue Vanderstraeten, Lille	0.0002442006953060627	0	different business / sibling cluster / other address (default)
1054323	groupe/participations/developpement	S1-734977071	Ets Chasseurs SAS	7 Rue Lepelletier, Lille, Hauts-de-France	S3-97908731	3	Ets çhasseurs SARL		0.009188378229737282	?	no address, shared
1054323	groupe/participations/developpement	S1-734977071	Ets Chasseurs SAS	7 Rue Lepelletier, Lille, Hauts-de-France	S3-254570441	3	Ets Chasseurs	30 Rue Débiré Verhaeghe, Lille, Hauts-de-France	0.0016536035109311342	0	different business / sibling cluster / other address (default)
1054323	groupe/participations/developpement	S1-734977071	Ets Chasseurs SAS	7 Rue Lepelletier, Lille, Hauts-de-France	S3-315361759	3	Ets Chasseurs Sàrl	26 Rue Linne, Calais, Pas-de-Calais		0	different business / sibling cluster / other address (default)
1246944	SNC/Cie/Ets/EI	S1-780080698	GW Club EI	360 Avenue de l'Argonne, Mérignac, Nouvelle-Aquitaine	S2-686653766	2	GR Club	Gironde, MÉRIGNAC, N°360 AVENUE DE L'ARGONNE	0.03600434213876724	1	typo GR for GW, exact address
1246944	SNC/Cie/Ets/EI	S1-780080698	GW Club EI	360 Avenue de l'Argonne, Mérignac, Nouvelle-Aquitaine	S3-434234476	3	GW çlub EI	No 360 Avenue De L'argonne, Mérignac, Nouvelle-Aquitaine	0.9998959302902222	1	same
1246944	SNC/Cie/Ets/EI	S1-780080698	GW Club EI	360 Avenue de l'Argonne, Mérignac, Nouvelle-Aquitaine	S3-460612542	3	GW Club	Mérignac, Nouvelle-Aquitaine, No 360 Avenue De L'argonne	0.9998338222503662	1	same
1246944	SNC/Cie/Ets/EI	S1-780080698	GW Club EI	360 Avenue de l'Argonne, Mérignac, Nouvelle-Aquitaine	S2-375529575	2	GW Club SARL	22 CITÉ POLLET, LILLE		0	different business / sibling cluster / other address (default)
1246944	SNC/Cie/Ets/EI	S1-780080698	GW Club EI	360 Avenue de l'Argonne, Mérignac, Nouvelle-Aquitaine	S2-152368602	2	MC	360 AV THIERS, Bordeaux		0	different business / sibling cluster / other address (default)
1246944	SNC/Cie/Ets/EI	S1-780080698	GW Club EI	360 Avenue de l'Argonne, Mérignac, Nouvelle-Aquitaine	S3-812201945	3	MZM Amis SAS	360 Av Thiers, Bordeaux, Gironde		0	different business / sibling cluster / other address (default)
1246944	SNC/Cie/Ets/EI	S1-780080698	GW Club EI	360 Avenue de l'Argonne, Mérignac, Nouvelle-Aquitaine	S3-893472875	3	Mérignac Federation	# 59 Av De L'argonne, Mérignac, Gironde		0	different business / sibling cluster / other address (default)
1246944	SNC/Cie/Ets/EI	S1-780080698	GW Club EI	360 Avenue de l'Argonne, Mérignac, Nouvelle-Aquitaine	S3-211851316	3	Mérignac çlub SARL	188 Av. De L'argonne, Merignac, Gironde		0	different business / sibling cluster / other address (default)
922138	SNC/Cie/Ets/EI	S1-404063418	Gabonais Culturelle EI	4 B Esplanade Charles de Gaulle, Bordeaux, Nouvelle-Aquitaine	S2-319186048	2	GABONAIS AMICALE EI	4 B ESPLANADE CHARLES DE GAULLE, BORDEAUX	0.2318156659603119	?	same address, Culturelle -> Amicale
922138	SNC/Cie/Ets/EI	S1-404063418	Gabonais Culturelle EI	4 B Esplanade Charles de Gaulle, Bordeaux, Nouvelle-Aquitaine	S2-291439011	2	Gabonais (Culturelle)	4 B ESPLANADE CHARLES DE GAULNE, BORDEAUX	0.9991514682769775	1	same
922138	SNC/Cie/Ets/EI	S1-404063418	Gabonais Culturelle EI	4 B Esplanade Charles de Gaulle, Bordeaux, Nouvelle-Aquitaine	S2-288198300	2	GABONAIS EI CULTURELLE		0.8241522312164307	1	no address, unique name
922138	SNC/Cie/Ets/EI	S1-404063418	Gabonais Culturelle EI	4 B Esplanade Charles de Gaulle, Bordeaux, Nouvelle-Aquitaine	S2-48465466	2	GABONAIS-CULTURELLE EI	4B ESPLANADE CHARLES DE GAULLE, BORDEAUX	0.9912940859794617	1	same
922138	SNC/Cie/Ets/EI	S1-404063418	Gabonais Culturelle EI	4 B Esplanade Charles de Gaulle, Bordeaux, Nouvelle-Aquitaine	S3-660784664	3	Gabonais Culturelle EI	4 B Esplanade Charles De Gaulle, Bordeaux, Nouvelle-Aquitaine	0.9998791217803955	1	same
922138	SNC/Cie/Ets/EI	S1-404063418	Gabonais Culturelle EI	4 B Esplanade Charles de Gaulle, Bordeaux, Nouvelle-Aquitaine	S3-348296515	3	Cie Gabonais Holding EI	Bordeaux, 13b Esplanade Charles De Gaulle	8.684462227392942e-05	0	Holding #13b
922138	SNC/Cie/Ets/EI	S1-404063418	Gabonais Culturelle EI	4 B Esplanade Charles de Gaulle, Bordeaux, Nouvelle-Aquitaine	S3-526365492	3	Gabonais Culturelle Ei	4 B Esplanade Charles De Gaulle, Bordeaux, Nouvelle-Aquitaine	0.9998049139976501	1	same
922138	SNC/Cie/Ets/EI	S1-404063418	Gabonais Culturelle EI	4 B Esplanade Charles de Gaulle, Bordeaux, Nouvelle-Aquitaine	S2-287737234	2	Ets SCI Gabonais	6 RUE BERNARD PALISSY, LILLE		0	different business / sibling cluster / other address (default)
112848	SNC/Cie/Ets/EI	S1-370278540	Rayonne Collège EI	2 t Avenue de Lugue, Lège-Cap-Ferret, Nouvelle-Aquitaine	S2-468163949	2	RAYONNE MAISON	15 T AVENUE DE LUGUE, LÈGE-CAP-FERRET, Gironde	0.010757776908576488	0	#15T cluster
112848	SNC/Cie/Ets/EI	S1-370278540	Rayonne Collège EI	2 t Avenue de Lugue, Lège-Cap-Ferret, Nouvelle-Aquitaine	S3-15384335	3	Rayonne Ehpad EI	15 T Av De Lugue, Lege-cap-ferret, Nouvelle-Aquitaine	0.039011675864458084	0	#15T cluster
112848	SNC/Cie/Ets/EI	S1-370278540	Rayonne Collège EI	2 t Avenue de Lugue, Lège-Cap-Ferret, Nouvelle-Aquitaine	S3-387195853	3	Rayonne Groupement Groupe	12 R Srribe, Nantes, Loire-Atlantique	5.570099165197462e-05	0	different business / sibling cluster / other address (default)
112848	SNC/Cie/Ets/EI	S1-370278540	Rayonne Collège EI	2 t Avenue de Lugue, Lège-Cap-Ferret, Nouvelle-Aquitaine	S3-496471963	3	Rayonne Union SAS	8 T Avenue Alfed Grimal, Bordeaux, Nouvelle-Aquitaine		0	different business / sibling cluster / other address (default)
112848	SNC/Cie/Ets/EI	S1-370278540	Rayonne Collège EI	2 t Avenue de Lugue, Lège-Cap-Ferret, Nouvelle-Aquitaine	S3-234170958	3	Rayonne (France) Club	12 Rue Scribe, Nantes, Loire-Atlantique		0	different business / sibling cluster / other address (default)
112848	SNC/Cie/Ets/EI	S1-370278540	Rayonne Collège EI	2 t Avenue de Lugue, Lège-Cap-Ferret, Nouvelle-Aquitaine	S3-917344367	3	Rayonne SAS Anciens	8 Ter Avenue Alfred Grimal, Bordeaux, Nouvelle-Aquitaine		0	different business / sibling cluster / other address (default)
112848	SNC/Cie/Ets/EI	S1-370278540	Rayonne Collège EI	2 t Avenue de Lugue, Lège-Cap-Ferret, Nouvelle-Aquitaine	S2-988433829	2	RAYONNE ANCIENS SAS	8 TER AV ALFRED GRIMAL, BORDEAUX, Nouvelle-Aquitaine		0	different business / sibling cluster / other address (default)
112848	SNC/Cie/Ets/EI	S1-370278540	Rayonne Collège EI	2 t Avenue de Lugue, Lège-Cap-Ferret, Nouvelle-Aquitaine	S3-553744116	3	rayonne anciens sa	10 Ter Ave Alfred Grimal, Bordeaux		0	different business / sibling cluster / other address (default)
229616	SNC/Cie/Ets/EI	S1-356333374	Ets Fee SARL	20 Allée du Huit Mai 1945, Dunkerque, Hauts-de-France	S2-981240907	2	Ets Fee SASU	24 ALLÉE DU HUIT MAI 1945, DUNKERQUE, Hauts-de-France	0.9197163581848145	0	#24 cluster (street name contains 1945)
229616	SNC/Cie/Ets/EI	S1-356333374	Ets Fee SARL	20 Allée du Huit Mai 1945, Dunkerque, Hauts-de-France	S3-403002506	3	Ets Fee SARL	20 Allee Du Huit Mai 1945, Dunkerque	0.9998713731765747	1	same
229616	SNC/Cie/Ets/EI	S1-356333374	Ets Fee SARL	20 Allée du Huit Mai 1945, Dunkerque, Hauts-de-France	S3-840796031	3	Ets Fee Développement SARL	24 Allée Du Huit Mai 1945, Dunkerque, Nord	0.2682175040245056	0	Developpement #24
229616	SNC/Cie/Ets/EI	S1-356333374	Ets Fee SARL	20 Allée du Huit Mai 1945, Dunkerque, Hauts-de-France	S3-916058044	3	Ets  Fee SARL	20 Allée Du Huit Mai 1945, Dunkerque	0.9998169541358948	1	same
229616	SNC/Cie/Ets/EI	S1-356333374	Ets Fee SARL	20 Allée du Huit Mai 1945, Dunkerque, Hauts-de-France	S2-164406768	2	DUNKERQUE FEDERATION	10 ALLÉE DU HUIT MAI 1945, DUNKERQUE		0	different business / sibling cluster / other address (default)
229616	SNC/Cie/Ets/EI	S1-356333374	Ets Fee SARL	20 Allée du Huit Mai 1945, Dunkerque, Hauts-de-France	S2-929583196	2	Dunkerque Maternelle	12 ALLÉE DU HUIT MAI 1945, DUNKERQUE, Hauts-de-France		0	different business / sibling cluster / other address (default)
229616	SNC/Cie/Ets/EI	S1-356333374	Ets Fee SARL	20 Allée du Huit Mai 1945, Dunkerque, Hauts-de-France	S2-428884129	2	Dunkerque-Groupement [SA]	16 ALLÉE DU HUIT MAI 1945, DUNKERQUE, Nord		0	different business / sibling cluster / other address (default)
229616	SNC/Cie/Ets/EI	S1-356333374	Ets Fee SARL	20 Allée du Huit Mai 1945, Dunkerque, Hauts-de-France	S2-404858685	2	SA Dunkerque Groupement	16 ALLÉE DU HUIT MAI 1945, Dunkerque, Nord		0	different business / sibling cluster / other address (default)
892091	SNC/Cie/Ets/EI	S1-825016828	Rue Club EI	Bordeaux, 22 Rue Puysegur, Nouvelle-Aquitaine	S2-115496198	2	Rue Club EURL	31 RUE PUYSEGUR, BORDEAUX, Nouvelle-Aquitaine	0.019826997071504593	0	#31 other
892091	SNC/Cie/Ets/EI	S1-825016828	Rue Club EI	Bordeaux, 22 Rue Puysegur, Nouvelle-Aquitaine	S2-15559367	2	saadcollegesarl.com	BORDEAUX, Gironde, 24 R PUYSEGUR	0.011371069587767124	0	different business / sibling cluster / other address (default)
892091	SNC/Cie/Ets/EI	S1-825016828	Rue Club EI	Bordeaux, 22 Rue Puysegur, Nouvelle-Aquitaine	S3-49742383	3	RUE CLUB EI	22 Rue Pusyegur, Bordeaux, Nouvelle-Aquitaine	0.9995672106742859	1	same, typo
892091	SNC/Cie/Ets/EI	S1-825016828	Rue Club EI	Bordeaux, 22 Rue Puysegur, Nouvelle-Aquitaine	S3-766530560	3	Rue-Club  SAS	No 6 R Sainte Barbe, Tourcoing, Nord		0	different business / sibling cluster / other address (default)
892091	SNC/Cie/Ets/EI	S1-825016828	Rue Club EI	Bordeaux, 22 Rue Puysegur, Nouvelle-Aquitaine	S2-312509916	2	Rue Club	6 RUE SAINTE BARBE, TOURCOING, Nord		0	different business / sibling cluster / other address (default)
892091	SNC/Cie/Ets/EI	S1-825016828	Rue Club EI	Bordeaux, 22 Rue Puysegur, Nouvelle-Aquitaine	S2-659434005	2	Rue Club SARL	11 RUE VOLTA, CALAIS		0	different business / sibling cluster / other address (default)
892091	SNC/Cie/Ets/EI	S1-825016828	Rue Club EI	Bordeaux, 22 Rue Puysegur, Nouvelle-Aquitaine	S3-227287892	3	EURL Rue Club	6 Rue Lafayette, Bordeaux, Nouvelle-Aquitaine		0	different business / sibling cluster / other address (default)
892091	SNC/Cie/Ets/EI	S1-825016828	Rue Club EI	Bordeaux, 22 Rue Puysegur, Nouvelle-Aquitaine	S3-989986574	3	Saad College Sarl	24 R. Puysegur, Bordeaux, Gironde		0	different business / sibling cluster / other address (default)
892091	SNC/Cie/Ets/EI	S1-825016828	Rue Club EI	Bordeaux, 22 Rue Puysegur, Nouvelle-Aquitaine	S3-941562635	3	Rue Club SAS	23 Boulevard Du Maréchal Vaillant, Lille, Nord		0	different business / sibling cluster / other address (default)
10471	SNC/Cie/Ets/EI	S1-55975658	Bordeaux Club EI	60 Rue Heron, Bordeaux, Nouvelle-Aquitaine	S2-613168228	2	Bordeaux Club	BORDEAUX, 60 RUE HERON	0.9934171438217163	1	same
10471	SNC/Cie/Ets/EI	S1-55975658	Bordeaux Club EI	60 Rue Heron, Bordeaux, Nouvelle-Aquitaine	S2-404664111	2	Bordeaux Çlub EI		0.08522455394268036	?	no address, many Bordeaux Club EI
10471	SNC/Cie/Ets/EI	S1-55975658	Bordeaux Club EI	60 Rue Heron, Bordeaux, Nouvelle-Aquitaine	S2-879948047	2	Bordeaux  Club	60 R. HERON, BORDEAUX	0.9914180040359497	1	same
10471	SNC/Cie/Ets/EI	S1-55975658	Bordeaux Club EI	60 Rue Heron, Bordeaux, Nouvelle-Aquitaine	S3-869914225	3	Professionnels Club Participations Sarl	No 130 R Heron, Bordeaux	8.667700603837147e-05	0	different business / sibling cluster / other address (default)
10471	SNC/Cie/Ets/EI	S1-55975658	Bordeaux Club EI	60 Rue Heron, Bordeaux, Nouvelle-Aquitaine	S3-829411523	3	Bordeaux Club E.I.	36 Rue Saint-joseph, Bordeaux, Nouvelle-Aquitaine	0.09470564126968384	0	other street
10471	SNC/Cie/Ets/EI	S1-55975658	Bordeaux Club EI	60 Rue Heron, Bordeaux, Nouvelle-Aquitaine	S3-975050774	3	Bordeaux Club E.I.	6 Rue De Coluar, Bordeaux, Nouvelle-Aquitaine	0.6725680828094482	0	other street
10471	SNC/Cie/Ets/EI	S1-55975658	Bordeaux Club EI	60 Rue Heron, Bordeaux, Nouvelle-Aquitaine	S3-909360322	3	Bordeaux Club International EI	73 R. Heron, Bordeaux	1.0019721230491996e-05	0	different business / sibling cluster / other address (default)
10471	SNC/Cie/Ets/EI	S1-55975658	Bordeaux Club EI	60 Rue Heron, Bordeaux, Nouvelle-Aquitaine	S3-641213662	3	tablissementssousarl.com	55 R. Heron, Bordeaux, Nouvelle-Aquitaine	0.0022449209354817867	0	different business / sibling cluster / other address (default)
10471	SNC/Cie/Ets/EI	S1-55975658	Bordeaux Club EI	60 Rue Heron, Bordeaux, Nouvelle-Aquitaine	S3-317961216	3	bordeaux club ei	#60 R Heron, Bordeaux, Gironde	0.9999310970306396	1	same
10471	SNC/Cie/Ets/EI	S1-55975658	Bordeaux Club EI	60 Rue Heron, Bordeaux, Nouvelle-Aquitaine	S2-829181311	2	Bordeaux Club EI	2 RUE RODE, BORDEAUX, Nouvelle-Aquitaine		0	different business / sibling cluster / other address (default)
10471	SNC/Cie/Ets/EI	S1-55975658	Bordeaux Club EI	60 Rue Heron, Bordeaux, Nouvelle-Aquitaine	S3-317885644	3	BORDEAUX CLUB EI	N° 28 R Du Petit Goave, Bordeaux		0	different business / sibling cluster / other address (default)
10471	SNC/Cie/Ets/EI	S1-55975658	Bordeaux Club EI	60 Rue Heron, Bordeaux, Nouvelle-Aquitaine	S2-363006048	2	Bordeaux Club EI	035 R DES DOUVES, BORDEAUX, Nouvelle-Aquitaine		0	different business / sibling cluster / other address (default)
10471	SNC/Cie/Ets/EI	S1-55975658	Bordeaux Club EI	60 Rue Heron, Bordeaux, Nouvelle-Aquitaine	S2-668592356	2	Bordeaux Club EI	1 RUE DES ETUVES, BORDEAUX, Nouvelle-Aquitaine		0	different business / sibling cluster / other address (default)
10471	SNC/Cie/Ets/EI	S1-55975658	Bordeaux Club EI	60 Rue Heron, Bordeaux, Nouvelle-Aquitaine	S3-40466818	3	Bordeaux Club EI	16 - Allée Des Peupliers, Bordeaux, Gironde		0	different business / sibling cluster / other address (default)
1484284	SNC/Cie/Ets/EI	S1-124976390	2023 Bel Club EI	292 Rue Auguste Angellier, Dunkerque, Hauts-de-France	S2-667102472	2	2023 Bel Çlub EI	292 - R. AUGUSTE ANGELLIER, DUNKERQUE, Nord	0.9999414682388306	1	same
1484284	SNC/Cie/Ets/EI	S1-124976390	2023 Bel Club EI	292 Rue Auguste Angellier, Dunkerque, Hauts-de-France	S3-49511236	3	2023belclub.com	292 Rue Augusee Angellier, Dunkerque, Hauts-de-France	0.9999849796295166	1	domain form
1484284	SNC/Cie/Ets/EI	S1-124976390	2023 Bel Club EI	292 Rue Auguste Angellier, Dunkerque, Hauts-de-France	S3-917706917	3	2023 BEL Collège EI	#299 Rue Auguste Aigellier, Dunkerque	0.004164278507232666	0	#299 cluster
1484284	SNC/Cie/Ets/EI	S1-124976390	2023 Bel Club EI	292 Rue Auguste Angellier, Dunkerque, Hauts-de-France	S3-100319844	3	2023 Bel Club France EI	#299 Rue Auguste Aneellier, Dunkerque	0.07233557850122452	0	France #299
1484284	SNC/Cie/Ets/EI	S1-124976390	2023 Bel Club EI	292 Rue Auguste Angellier, Dunkerque, Hauts-de-France	S2-457166942	2	Saint-Nazaire SAS + (Fils)	292 RUE DE PORNICHET, ST-NAZAIRE, Loire-Atlantique		0	different business / sibling cluster / other address (default)
1484284	SNC/Cie/Ets/EI	S1-124976390	2023 Bel Club EI	292 Rue Auguste Angellier, Dunkerque, Hauts-de-France	S2-519036004	2	Team Çlub SAS	292 R DES BOIS BLANCS, LILLE		0	different business / sibling cluster / other address (default)
1484284	SNC/Cie/Ets/EI	S1-124976390	2023 Bel Club EI	292 Rue Auguste Angellier, Dunkerque, Hauts-de-France	S3-405922591	3	AO CLUB EURL	8 Rue Auguste Angellier, Lille, Hauts-de-France		0	different business / sibling cluster / other address (default)
1484284	SNC/Cie/Ets/EI	S1-124976390	2023 Bel Club EI	292 Rue Auguste Angellier, Dunkerque, Hauts-de-France	S3-586606145	3	Club De Art EURL	292 Rue De Lannoy, Roubaix, Nord		0	different business / sibling cluster / other address (default)
413039	SNC/Cie/Ets/EI	S1-625918620	Ets Lidee SCI	Hauts-de-France, 27 Rue Victor Derode, Lille	S2-437515838	2	Ets Lidee Distribution Sci	40 RUE VICTOR DERODE, LILLE	5.625503763440065e-05	0	Distribution #40
413039	SNC/Cie/Ets/EI	S1-625918620	Ets Lidee SCI	Hauts-de-France, 27 Rue Victor Derode, Lille	S2-251756634	2	ETSLIDEESCI.COM	27 RUE VICTOR DERODE, LILLE	0.9995811581611633	1	domain form
413039	SNC/Cie/Ets/EI	S1-625918620	Ets Lidee SCI	Hauts-de-France, 27 Rue Victor Derode, Lille	S3-367538082	3	Ets Lidee	No 27 R Victor Derode, Lille, Hauts-de-France	0.9999489784240723	1	same
413039	SNC/Cie/Ets/EI	S1-625918620	Ets Lidee SCI	Hauts-de-France, 27 Rue Victor Derode, Lille	S3-809806826	3	ETS LIDEE SCI	Lille, Hauts-de-France, No 27 Rue Victor Derode	0.9999862909317017	1	same
413039	SNC/Cie/Ets/EI	S1-625918620	Ets Lidee SCI	Hauts-de-France, 27 Rue Victor Derode, Lille	S3-484323911	3	Ets Lidee  SCI	No 27 R Victor Deorde, Lille, Hauts-de-France	0.9994113445281982	1	same
413039	SNC/Cie/Ets/EI	S1-625918620	Ets Lidee SCI	Hauts-de-France, 27 Rue Victor Derode, Lille	S3-578367588	3	Ets Lidee International SCI	Lille, Nord, 40 Rue Victor Deorde	1.0637294508342165e-05	0	International #40
413039	SNC/Cie/Ets/EI	S1-625918620	Ets Lidee SCI	Hauts-de-France, 27 Rue Victor Derode, Lille	S3-155180399	3	Ets Lidee	No 27 R. Victor Derode, Lille, Hauts-de-France	0.999964714050293	1	same
413039	SNC/Cie/Ets/EI	S1-625918620	Ets Lidee SCI	Hauts-de-France, 27 Rue Victor Derode, Lille	S3-112574189	3	Lidee  Musique-SAS			0	different business / sibling cluster / other address (default)
413039	SNC/Cie/Ets/EI	S1-625918620	Ets Lidee SCI	Hauts-de-France, 27 Rue Victor Derode, Lille	S3-546051022	3	Comité du  Lidee	51 R Du Port Cheri, Pornic		0	different business / sibling cluster / other address (default)
672556	SNC/Cie/Ets/EI	S1-38830349	Trois & Cie SARL	5 C Rue du Minon, Mérignac, Nouvelle-Aquitaine	S2-371393845	2	Trois & Cie S.A.R.L.		0.32300135493278503	?	no address, shared name
672556	SNC/Cie/Ets/EI	S1-38830349	Trois & Cie SARL	5 C Rue du Minon, Mérignac, Nouvelle-Aquitaine	S2-86258059	2	Trois & Cie Holding SARL	Gironde, 12 C RUE DU MINON, MÉRIGNAC	0.0015809881733730435	0	Holding #12C
672556	SNC/Cie/Ets/EI	S1-38830349	Trois & Cie SARL	5 C Rue du Minon, Mérignac, Nouvelle-Aquitaine	S2-522110509	2	Trois  Cie SARL Cie	5 C R DU MINON, MERIGNAC, Nouvelle-Aquitaine	0.9999469518661499	1	same
672556	SNC/Cie/Ets/EI	S1-38830349	Trois & Cie SARL	5 C Rue du Minon, Mérignac, Nouvelle-Aquitaine	S3-988163852	3	Trois  & Cie SARL	5C Rue Du Minon, Gironde, Merignac	0.9836310148239136	1	same
672556	SNC/Cie/Ets/EI	S1-38830349	Trois & Cie SARL	5 C Rue du Minon, Mérignac, Nouvelle-Aquitaine	S3-767009911	3	TROIS & CIE SARL	5 C R Du Minon, Mérignac, Gironde	0.999869704246521	1	same
672556	SNC/Cie/Ets/EI	S1-38830349	Trois & Cie SARL	5 C Rue du Minon, Mérignac, Nouvelle-Aquitaine	S3-280918501	3	Trois & Cie Sàrl	5 C R Du Minon, Merignac, Gironde	0.9998015761375427	1	same
672556	SNC/Cie/Ets/EI	S1-38830349	Trois & Cie SARL	5 C Rue du Minon, Mérignac, Nouvelle-Aquitaine	S3-270351026	3	Trois & çie Participations SARL	12 C R. Du Minon, Merignac, Nouvelle-Aquitaine	0.00213619670830667	0	Participations #12C
672556	SNC/Cie/Ets/EI	S1-38830349	Trois & Cie SARL	5 C Rue du Minon, Mérignac, Nouvelle-Aquitaine	S2-626253	2	Trois Cie SAS	058 R JULES FERRY, LILLE, Nord		0	different business / sibling cluster / other address (default)
672556	SNC/Cie/Ets/EI	S1-38830349	Trois & Cie SARL	5 C Rue du Minon, Mérignac, Nouvelle-Aquitaine	S2-859966087	2	TROIS & CIE SÀRL	11 RUE BERTHOLLET, LILLE		0	different business / sibling cluster / other address (default)
672556	SNC/Cie/Ets/EI	S1-38830349	Trois & Cie SARL	5 C Rue du Minon, Mérignac, Nouvelle-Aquitaine	S2-931221300	2	TROIS SA CIE	21 R DU COMMANDANT GATE, SAINT-NAZAIRE		0	different business / sibling cluster / other address (default)
672556	SNC/Cie/Ets/EI	S1-38830349	Trois & Cie SARL	5 C Rue du Minon, Mérignac, Nouvelle-Aquitaine	S2-39523444	2	Trois & Cie	1 R. DU CHAI DES FARINES, BORDEAUX, Nouvelle-Aquitaine		0	different business / sibling cluster / other address (default)
323733	SNC/Cie/Ets/EI	S1-423234904	Ets Genealogique	6 Place des Quinconces, Bordeaux, Nouvelle-Aquitaine	S2-177354972	2	Ets Genealogique Et Fils	PLAE DES QUINCONCES, BORDEAUX	0.4308243989944458	?	same place no number, + Et Fils
323733	SNC/Cie/Ets/EI	S1-423234904	Ets Genealogique	6 Place des Quinconces, Bordeaux, Nouvelle-Aquitaine	S2-59136835	2	international genealogique ets	10 PL DES QUINCONCES, Bordeaux, Gironde	5.787866484752158e-06	0	International #10
323733	SNC/Cie/Ets/EI	S1-423234904	Ets Genealogique	6 Place des Quinconces, Bordeaux, Nouvelle-Aquitaine	S3-333669240	3	Ets  Genealogique	Bordeaux, Gironde, 6 Place Des Quinconces	0.999958872795105	1	same
323733	SNC/Cie/Ets/EI	S1-423234904	Ets Genealogique	6 Place des Quinconces, Bordeaux, Nouvelle-Aquitaine	S3-225059328	3	Ets Genealogique SASU	Gironde, Bordeaux, 6 Pl Des Quinconces	0.9987012147903442	1	same
323733	SNC/Cie/Ets/EI	S1-423234904	Ets Genealogique	6 Place des Quinconces, Bordeaux, Nouvelle-Aquitaine	S3-238864905	3	Ets Genealogique Holding	10 Place Des Quinconces, Bordeaux, Gironde	0.0007602223777212203	0	Holding #10
323733	SNC/Cie/Ets/EI	S1-423234904	Ets Genealogique	6 Place des Quinconces, Bordeaux, Nouvelle-Aquitaine	S3-800639844	3	Ets	8 PL des Quinconces, Bordeaux, Nouvelle-Aquitaine	0.12580692768096924	0	'Ets' only, #8
323733	SNC/Cie/Ets/EI	S1-423234904	Ets Genealogique	6 Place des Quinconces, Bordeaux, Nouvelle-Aquitaine	S3-594223692	3	Ets Genealogique Sarl	68 Chau1 Watt, Tourcoing		0	different business / sibling cluster / other address (default)
323733	SNC/Cie/Ets/EI	S1-423234904	Ets Genealogique	6 Place des Quinconces, Bordeaux, Nouvelle-Aquitaine	S3-116603274	3	Ets Genealogique SARL	59200, Tourcoing, 68 Chau1 Watt		0	different business / sibling cluster / other address (default)
323733	SNC/Cie/Ets/EI	S1-423234904	Ets Genealogique	6 Place des Quinconces, Bordeaux, Nouvelle-Aquitaine	S2-173536693	2	Ets Gènealogique SARL	68 - CHAU1 WATT, 59200, TOURCOING		0	different business / sibling cluster / other address (default)
